ID;Statut (Possédé / Recherche / Non possédé);Nom de l'Édition;Catégorie;Année;Pays / Région;Éditeur;Image / Visuel Boîte;État;Prix d'achat (€);Valeur estimée (€);Emplacement / Rangement;Description & Pions;Notes personnelles
mono-monopoly-madness;Non possédé;MONOPOLY Madness;Éditions Spéciales & Thématiques;2010;Monde;Hasbro;;;;;;Édition MONOPOLY Madness éditée par Hasbro.;
mono-monopoly-fallout-collector-s-edition;Non possédé;MONOPOLY: Fallout Collector's Edition;Jeux Vidéo;2010;Monde;Hasbro;;;;;;Édition MONOPOLY: Fallout Collector's Edition éditée par Hasbro.;
mono-monopoly;Non possédé;Monopoly;Éditions Spéciales & Thématiques;2010;Monde;Hasbro;images/box_mono-monopoly.png;;;;;Édition Monopoly éditée par Hasbro.;
mono-monopoly-84-l-a-games;Non possédé;Monopoly '84 L.A. Games;Variantes & Règles Spéciales;1984;Monde;Hasbro;images/box_mono-monopoly-84-l-a-games.jpg;;;;;Édition Monopoly '84 L.A. Games éditée par Hasbro.;
mono-monopoly-2012-pc-version;Non possédé;Monopoly (2012 PC Version);Éditions Spéciales & Thématiques;2012;Monde;Hasbro;images/box_mono-monopoly-2012-pc-version.png;;;;;Édition Monopoly (2012 PC Version) éditée par Hasbro.;
mono-monopoly-tv-game-show;Non possédé;Monopoly (TV game show);Éditions Spéciales & Thématiques;2010;Monde;Hasbro;;;;;;Édition Monopoly (TV game show) éditée par Hasbro.;
mono-monopoly-uk;Non possédé;Monopoly (UK);Variantes & Règles Spéciales;2010;Royaume-Uni;Parker Brothers;;;;;;Édition Monopoly (UK) éditée par Parker Brothers.;
mono-monopoly-cereal;Non possédé;Monopoly (cereal);Éditions Spéciales & Thématiques;2010;Monde;Hasbro;images/box_mono-monopoly-cereal.jpg;;;;;Édition Monopoly (cereal) éditée par Hasbro.;
mono-monopoly-disambiguation;Non possédé;Monopoly (disambiguation);Éditions Spéciales & Thématiques;2010;Monde;Hasbro;;;;;;Édition Monopoly (disambiguation) éditée par Hasbro.;
mono-monopoly-film;Non possédé;Monopoly (film);Éditions Spéciales & Thématiques;2010;Monde;Hasbro;;;;;;Édition Monopoly (film) éditée par Hasbro.;
mono-monopoly-game-show;Non possédé;Monopoly (game show);Éditions Spéciales & Thématiques;2010;Monde;Hasbro;images/box_mono-monopoly-game-show.jpg;;;;;Édition Monopoly (game show) éditée par Hasbro.;
mono-monopoly-com-edition;Non possédé;Monopoly .com Edition;Éditions Spéciales & Thématiques;2010;Monde;Hasbro;;;;;;Édition Monopoly .com Edition éditée par Hasbro.;
mono-monopoly-007-50th-anniversary-edition;Non possédé;Monopoly 007 50th Anniversary Edition;Variantes & Règles Spéciales;2012;Royaume-Uni;Winning Moves;images/box_mono-monopoly-007-50th-anniversary-edition.jpg;;;;;Édition Monopoly 007 50th Anniversary Edition éditée par Winning Moves.;
mono-monopoly-007-collector-s-edition;Non possédé;Monopoly 007 Collector's Edition;Variantes & Règles Spéciales;2006;USA;USAopoly / The Op;images/box_mono-monopoly-007-collector-s-edition.jpg;;;;;Édition Monopoly 007 Collector's Edition éditée par USAopoly / The Op.;
mono-monopoly-007-edition;Non possédé;Monopoly 007 Edition;Films & Séries;2010;Monde;Hasbro;;;;;;Édition Monopoly 007 Edition éditée par Hasbro.;
mono-monopoly-1-000-000-edition;Non possédé;Monopoly 1,000,000 Edition;Éditions Spéciales & Thématiques;2010;Monde;Hasbro;images/box_mono-monopoly-1-000-000-edition.jpg;;;;;Édition Monopoly 1,000,000 Edition éditée par Hasbro.;
mono-monopoly-1-f-c-k-ln-edition;Non possédé;Monopoly 1. F.C. Köln Edition;Éditions Spéciales & Thématiques;2010;Monde;Hasbro;images/box_mono-monopoly-1-f-c-k-ln-edition.jpg;;;;;Édition Monopoly 1. F.C. Köln Edition éditée par Hasbro.;
mono-monopoly-1-fc-kaiserslautern-edition;Non possédé;Monopoly 1. FC Kaiserslautern Edition;Éditions Spéciales & Thématiques;2010;Monde;Hasbro;images/box_mono-monopoly-1-fc-kaiserslautern-edition.png;;;;;Édition Monopoly 1. FC Kaiserslautern Edition éditée par Hasbro.;
mono-monopoly-1-fsv-mainz-05-edition;Non possédé;Monopoly 1. FSV Mainz 05 Edition;Éditions Spéciales & Thématiques;2010;Monde;Hasbro;images/box_mono-monopoly-1-fsv-mainz-05-edition.png;;;;;Édition Monopoly 1. FSV Mainz 05 Edition éditée par Hasbro.;
mono-monopoly-11th-deluxe-edition;Non possédé;Monopoly 11th Deluxe Edition;Classique & Anniversaire;2010;Monde;Hasbro;;;;;;Édition Monopoly 11th Deluxe Edition éditée par Hasbro.;
mono-monopoly-1899-hoffenheim-edition;Non possédé;Monopoly 1899 Hoffenheim Edition;Éditions Spéciales & Thématiques;2010;Monde;Hasbro;images/box_mono-monopoly-1899-hoffenheim-edition.png;;;;;Édition Monopoly 1899 Hoffenheim Edition éditée par Hasbro.;
mono-monopoly-1935-commemorative-edition;Non possédé;Monopoly 1935 Commemorative Edition;Variantes & Règles Spéciales;1935;USA;Parker Brothers;images/box_mono-monopoly-1935-commemorative-edition.jpg;;;;;Édition Monopoly 1935 Commemorative Edition éditée par Parker Brothers.;
mono-monopoly-1935-deluxe-first-edition;Non possédé;Monopoly 1935 Deluxe First Edition;Classique & Anniversaire;1935;Monde;Hasbro;;;;;;Édition Monopoly 1935 Deluxe First Edition éditée par Hasbro.;
mono-monopoly-1935-deluxe-first-edition-2002-reproducti;Non possédé;Monopoly 1935 Deluxe First Edition (2002 Reproduction);Classique & Anniversaire;1935;Monde;Hasbro;;;;;;Édition Monopoly 1935 Deluxe First Edition (2002 Reproduction) éditée par Hasbro.;
mono-monopoly-1935-first-deluxe-edition;Non possédé;Monopoly 1935 First Deluxe Edition;Variantes & Règles Spéciales;1935;USA;Winning Moves;images/box_mono-monopoly-1935-first-deluxe-edition.jpg;;;;;Édition Monopoly 1935 First Deluxe Edition éditée par Winning Moves.;
mono-monopoly-1935-s-edition;Non possédé;Monopoly 1935's Edition;Classique & Anniversaire;1935;Monde;Hasbro;images/box_mono-monopoly-1935-s-edition.png;;;;;Édition Monopoly 1935's Edition éditée par Hasbro.;
mono-monopoly-1936-deluxe-wood-edition;Non possédé;Monopoly 1936 Deluxe Wood Edition;Variantes & Règles Spéciales;1936;Monde;Hasbro;images/box_mono-monopoly-1936-deluxe-wood-edition.jpg;;;;;Édition Monopoly 1936 Deluxe Wood Edition éditée par Hasbro.;
mono-monopoly-1964-standard-edition-us;Non possédé;Monopoly 1964 Standard Edition (US);Classique & Anniversaire;1964;Monde;Hasbro;images/box_mono-monopoly-1964-standard-edition-us.jpg;;;;;Édition Monopoly 1964 Standard Edition (US) éditée par Hasbro.;
mono-monopoly-1965-deluxe-edition-in-wooden-case;Non possédé;Monopoly 1965 Deluxe Edition in wooden case;Classique & Anniversaire;1965;Monde;Hasbro;images/box_mono-monopoly-1965-deluxe-edition-in-wooden-case.jpg;;;;;Édition Monopoly 1965 Deluxe Edition in wooden case éditée par Hasbro.;
mono-monopoly-1991-last-edition;Non possédé;Monopoly 1991 Last Edition;Classique & Anniversaire;1991;Monde;Hasbro;images/box_mono-monopoly-1991-last-edition.png;;;;;Édition Monopoly 1991 Last Edition éditée par Hasbro.;
mono-monopoly-1999-nfl-gridiron-limited-edition;Non possédé;Monopoly 1999 NFL Gridiron Limited Edition;Marques & Sports;1999;Monde;Hasbro;;;;;;Édition Monopoly 1999 NFL Gridiron Limited Edition éditée par Hasbro.;
mono-monopoly-2000-millennium-edition;Non possédé;Monopoly 2000 Millennium Edition;Éditions Spéciales & Thématiques;2000;Monde;Hasbro;images/box_mono-monopoly-2000-millennium-edition.png;;;;;Édition Monopoly 2000 Millennium Edition éditée par Hasbro.;
mono-monopoly-2006-fifa-world-cup-edition;Non possédé;Monopoly 2006 FIFA World Cup Edition;Marques & Sports;2006;Monde;Hasbro;;;;;;Édition Monopoly 2006 FIFA World Cup Edition éditée par Hasbro.;
mono-monopoly-2006-fifa-world-cup-germany-edition;Non possédé;Monopoly 2006 FIFA World Cup Germany Edition;Variantes & Règles Spéciales;2006;Allemagne;Winning Moves;images/box_mono-monopoly-2006-fifa-world-cup-germany-edition.jpg;;;;;Édition Monopoly 2006 FIFA World Cup Germany Edition éditée par Winning Moves.;
mono-monopoly-200x-future-las-vegas-edition;Non possédé;Monopoly 200X Future Las Vegas Edition;Villes & Pays (Monde);2010;Monde;Hasbro;;;;;;Édition Monopoly 200X Future Las Vegas Edition éditée par Hasbro.;
mono-monopoly-200x-future-las-vegas-version;Non possédé;Monopoly 200X Future Las Vegas Version;Villes & Pays (Monde);2010;Monde;Hasbro;images/box_mono-monopoly-200x-future-las-vegas-version.jpg;;;;;Édition Monopoly 200X Future Las Vegas Version éditée par Hasbro.;
mono-monopoly-2010-fifa-world-cup-south-africa-edition;Non possédé;Monopoly 2010 FIFA World Cup South Africa Edition;Marques & Sports;2010;Monde;Hasbro;images/box_mono-monopoly-2010-fifa-world-cup-south-africa-edition.jpg;;;;;Édition Monopoly 2010 FIFA World Cup South Africa Edition éditée par Hasbro.;
mono-monopoly-2012-olympic-games-edition;Non possédé;Monopoly 2012 Olympic Games Edition;Éditions Spéciales & Thématiques;2012;Monde;Hasbro;images/box_mono-monopoly-2012-olympic-games-edition.jpg;;;;;Édition Monopoly 2012 Olympic Games Edition éditée par Hasbro.;
mono-monopoly-2014-fifa-world-cup-brasil-edition;Non possédé;Monopoly 2014 FIFA World Cup Brasil Edition;Marques & Sports;2014;Monde;Hasbro;images/box_mono-monopoly-2014-fifa-world-cup-brasil-edition.jpg;;;;;Édition Monopoly 2014 FIFA World Cup Brasil Edition éditée par Hasbro.;
mono-monopoly-2018-fifa-world-cup-russia-edition;Non possédé;Monopoly 2018 FIFA World Cup Russia Edition;Marques & Sports;2018;Monde;Hasbro;images/box_mono-monopoly-2018-fifa-world-cup-russia-edition.jpg;;;;;Édition Monopoly 2018 FIFA World Cup Russia Edition éditée par Hasbro.;
mono-monopoly-2026-fifa-world-cup-edition;Non possédé;Monopoly 2026 FIFA World Cup Edition;Marques & Sports;2026;Monde;Hasbro;images/box_mono-monopoly-2026-fifa-world-cup-edition.jpg;;;;;Édition Monopoly 2026 FIFA World Cup Edition éditée par Hasbro.;
mono-monopoly-25th-anniversary-edition;Non possédé;Monopoly 25th Anniversary Edition;Classique & Anniversaire;2010;Monde;Hasbro;images/box_mono-monopoly-25th-anniversary-edition.png;;;;;Édition Monopoly 25th Anniversary Edition éditée par Hasbro.;
mono-monopoly-25th-rim-blackberry-anniversary-edition;Non possédé;Monopoly 25th RIM (Blackberry) Anniversary Edition;Classique & Anniversaire;2010;Monde;Hasbro;;;;;;Édition Monopoly 25th RIM (Blackberry) Anniversary Edition éditée par Hasbro.;
mono-monopoly-30th-anniversary-edition;Non possédé;Monopoly 30th Anniversary Edition;Classique & Anniversaire;2010;Monde;Hasbro;images/box_mono-monopoly-30th-anniversary-edition.jpg;;;;;Édition Monopoly 30th Anniversary Edition éditée par Hasbro.;
mono-monopoly-3d-monopoly-new-york-edition-by-charles-f;Non possédé;Monopoly 3D Monopoly New York Edition by Charles Fazzino;Villes & Pays (Monde);2010;Monde;Hasbro;;;;;;Édition Monopoly 3D Monopoly New York Edition by Charles Fazzino éditée par Hasbro.;
mono-monopoly-3d-new-york-edition;Non possédé;Monopoly 3D New York Edition;Villes & Pays (Monde);2010;Monde;Hasbro;images/box_mono-monopoly-3d-new-york-edition.jpg;;;;;Édition Monopoly 3D New York Edition éditée par Hasbro.;
mono-monopoly-40th-anniversary-deluxe-edition;Non possédé;Monopoly 40th Anniversary Deluxe Edition;Classique & Anniversaire;2010;Monde;Hasbro;images/box_mono-monopoly-40th-anniversary-deluxe-edition.jpg;;;;;Édition Monopoly 40th Anniversary Deluxe Edition éditée par Hasbro.;
mono-monopoly-40th-anniversary-edition;Non possédé;Monopoly 40th Anniversary Edition;Classique & Anniversaire;2010;Monde;Hasbro;images/box_mono-monopoly-40th-anniversary-edition.jpg;;;;;Édition Monopoly 40th Anniversary Edition éditée par Hasbro.;
mono-monopoly-50th-anniversary-deluxe-edition;Non possédé;Monopoly 50th Anniversary Deluxe Edition;Classique & Anniversaire;2010;Monde;Hasbro;;;;;;Édition Monopoly 50th Anniversary Deluxe Edition éditée par Hasbro.;
mono-50th;Non possédé;Monopoly 50ème Anniversaire (1935-1985);Classique & Anniversaire;1985;Monde;Parker Brothers;;;;;;Édition commémorative spéciale 50 ans avec boîte argentée ou dorée et pions en métal collector.;
mono-monopoly-60th-anniversary-edition;Non possédé;Monopoly 60th Anniversary Edition;Classique & Anniversaire;1995;USA;Parker Brothers;images/box_mono-monopoly-60th-anniversary-edition.jpg;;;;;Édition Monopoly 60th Anniversary Edition éditée par Parker Brothers.;
mono-60th;Non possédé;Monopoly 60ème Anniversaire (1935-1995);Classique & Anniversaire;1995;Monde;Parker Brothers;images/mono-60th.jpg;;;;;Boîte en métal embossé commémorative avec pions dorés spéciaux.;
mono-monopoly-65th-anniversary-1935-2000-edition;Non possédé;Monopoly 65th Anniversary 1935-2000 Edition;Classique & Anniversaire;2000;USA;Hasbro;images/box_mono-monopoly-65th-anniversary-1935-2000-edition.jpg;;;;;Édition Monopoly 65th Anniversary 1935-2000 Edition éditée par Hasbro.;
mono-monopoly-70th-anniversary-edition;Non possédé;Monopoly 70th Anniversary Edition;Classique & Anniversaire;2005;USA;Parker Brothers;images/box_mono-monopoly-70th-anniversary-edition.jpg;;;;;Édition Monopoly 70th Anniversary Edition éditée par Parker Brothers.;
mono-70th;Non possédé;Monopoly 70ème Anniversaire;Classique & Anniversaire;2005;Monde;Hasbro;images/mono-70th.jpg;;;;;Boîte en fer blanc argenté avec cartes argentées et pions chromés.;
mono-monopoly-80th-anniversary-edition;Non possédé;Monopoly 80th Anniversary Edition;Classique & Anniversaire;2010;Monde;Hasbro;images/box_mono-monopoly-80th-anniversary-edition.jpg;;;;;Édition Monopoly 80th Anniversary Edition éditée par Hasbro.;
mono-80th;Non possédé;Monopoly 80ème Anniversaire (1935-2015);Classique & Anniversaire;2015;Monde / France;Hasbro;images/mono-80th.webp;;;;;Comprend 8 pions vintage emblématiques représentant chacun une décennie (années 30 à 2000).;
mono-monopoly-85th-anniversary-edition;Non possédé;Monopoly 85th Anniversary Edition;Classique & Anniversaire;2010;Monde;Hasbro;images/box_mono-monopoly-85th-anniversary-edition.png;;;;;Édition Monopoly 85th Anniversary Edition éditée par Hasbro.;
mono-85th;Non possédé;Monopoly 85ème Anniversaire;Classique & Anniversaire;2020;Monde / France;Hasbro;images/mono-85th.webp;;;;;Édition de luxe festive avec finitions brillantes et pions spéciaux célébrant 85 ans de Monopoly.;
mono-monopoly-90th-anniversary-edition;Non possédé;Monopoly 90th Anniversary Edition;Classique & Anniversaire;2010;Monde;Hasbro;images/box_mono-monopoly-90th-anniversary-edition.jpg;;;;;Édition Monopoly 90th Anniversary Edition éditée par Hasbro.;
mono-monopoly-90th-winter-olympics-anniversary-edition;Non possédé;Monopoly 90th Winter Olympics Anniversary Edition;Marques & Sports;2010;Monde;Hasbro;images/box_mono-monopoly-90th-winter-olympics-anniversary-edition.jpg;;;;;Édition Monopoly 90th Winter Olympics Anniversary Edition éditée par Hasbro.;
mono-et-si-invente-aujourdhui;Possédé;Monopoly : Et si Monopoly était inventé aujourd'hui ?;Déclinaisons & Variantes;2006;France;Parker / Hasbro;images/box_mono-et-si-invente-aujourdhui.jpg;Très bon état;;;Collection personnelle;Édition spéciale 70 ans de Monopoly avec prix en millions d'euros, lieux parisiens modernes (Stade de France, Musée d'Orsay, Tour Eiffel) et pions contemporains (téléphone, rollers, avion, burger, skate).;Réf MR M70 / Boîte carrée Parker 2006. Billets de banque en millions d'euros.
mono-et-si-invente-electronique;Possédé;Monopoly : Et si Monopoly était inventé aujourd'hui ? (Banque Électronique);Déclinaisons & Variantes;2005;France;Parker / Hasbro;images/box_mono-et-si-invente-electronique.jpg;Très bon état;;;Collection personnelle;Version spéciale 70 ans équipée d'un terminal bancaire électronique et de cartes de crédit avec 15 millions d'euros de crédit immédiat. Pions modernes en métal (téléphone, rollers, navette, burger).;Réf 00402101 / 020500114. Terminal bancaire électronique et cartes bancaires.
mono-france-villes-2008;Non possédé;Monopoly : Les Villes de France (Et si le Monopoly était inventé aujourd'hui ?);Villes & Régions (France);2008;France;Hasbro / Parker;;;;;;Édition historique issue du grand vote national des Français en 2008 : Dunkerque est élue sur la case Rue de la Paix, Montauban sur les Champs-Élysées, et 20 autres villes françaises représentées.;
mono-monopoly-nightmare-before-christmas;Non possédé;Monopoly : Nightmare Before Christmas;Films & Séries;2010;Monde;Hasbro;images/box_mono-monopoly-nightmare-before-christmas.jpg;;;;;Édition Monopoly : Nightmare Before Christmas éditée par Hasbro.;
mono-monopoly-a-christmas-story-collector-s-edition;Non possédé;Monopoly A Christmas Story Collector’s Edition;Variantes & Règles Spéciales;2007;USA;USAopoly / The Op;images/box_mono-monopoly-a-christmas-story-collector-s-edition.jpg;;;;;Édition Monopoly A Christmas Story Collector’s Edition éditée par USAopoly / The Op.;
mono-monopoly-a-court-of-thorns-and-roses-edition;Non possédé;Monopoly A Court of Thorns and Roses Edition;Éditions Spéciales & Thématiques;2010;Monde;Hasbro;images/box_mono-monopoly-a-court-of-thorns-and-roses-edition.png;;;;;Édition Monopoly A Court of Thorns and Roses Edition éditée par Hasbro.;
mono-monopoly-abba-edition;Non possédé;Monopoly ABBA Edition;Éditions Spéciales & Thématiques;2010;Monde;Hasbro;images/box_mono-monopoly-abba-edition.jpg;;;;;Édition Monopoly ABBA Edition éditée par Hasbro.;
mono-music-acdc;Non possédé;Monopoly AC/DC Collector's Edition;Musique & Groupes;2011;Monde;USAopoly;images/mono-music-acdc.jpg;;;;;Back in Black, Highway to Hell, For Those About to Rock, pions cloche d'enfer, casquette d'Angus, canon.;
mono-monopoly-ac-dc-edition;Non possédé;Monopoly AC/DC Edition;Musique & Groupes;2010;Monde;Hasbro;;;;;;Édition Monopoly AC/DC Edition éditée par Hasbro.;
mono-monopoly-afl-premier-carlton-edition;Non possédé;Monopoly AFL Premier – Carlton Edition;Éditions Spéciales & Thématiques;2010;Monde;Hasbro;images/box_mono-monopoly-afl-premier-carlton-edition.jpg;;;;;Édition Monopoly AFL Premier – Carlton Edition éditée par Hasbro.;
mono-monopoly-afl-premier-collingwood-edition;Non possédé;Monopoly AFL Premier – Collingwood Edition;Classique & Anniversaire;2010;Monde;Hasbro;images/box_mono-monopoly-afl-premier-collingwood-edition.jpg;;;;;Édition Monopoly AFL Premier – Collingwood Edition éditée par Hasbro.;
mono-monopoly-afl-premier-geelong-edition;Non possédé;Monopoly AFL Premier – Geelong Edition;Éditions Spéciales & Thématiques;2010;Monde;Hasbro;images/box_mono-monopoly-afl-premier-geelong-edition.jpg;;;;;Édition Monopoly AFL Premier – Geelong Edition éditée par Hasbro.;
mono-monopoly-asml-edition;Non possédé;Monopoly ASML Edition;Éditions Spéciales & Thématiques;2010;Monde;Hasbro;;;;;;Édition Monopoly ASML Edition éditée par Hasbro.;
mono-monopoly-asml-special-edition;Non possédé;Monopoly ASML Special Edition;Éditions Spéciales & Thématiques;2010;Monde;Hasbro;images/box_mono-monopoly-asml-special-edition.jpg;;;;;Édition Monopoly ASML Special Edition éditée par Hasbro.;
mono-monopoly-aachen-edition;Non possédé;Monopoly Aachen Edition;Variantes & Règles Spéciales;2006;Allemagne;Winning Moves;images/box_mono-monopoly-aachen-edition.jpg;;;;;Édition Monopoly Aachen Edition éditée par Winning Moves.;
mono-monopoly-aberdeen-edition;Non possédé;Monopoly Aberdeen Edition;Variantes & Règles Spéciales;2006;Royaume-Uni;Winning Moves;images/box_mono-monopoly-aberdeen-edition.jpg;;;;;Édition Monopoly Aberdeen Edition éditée par Winning Moves.;
mono-monopoly-abileneopoly;Non possédé;Monopoly Abileneopoly;Variantes & Règles Spéciales;2007;USA;Hasbro;images/box_mono-monopoly-abileneopoly.jpg;;;;;Édition Monopoly Abileneopoly éditée par Hasbro.;
mono-monopoly-abington-opoly;Non possédé;Monopoly Abington-opoly;Éditions Spéciales & Thématiques;2010;Monde;Hasbro;;;;;;Édition Monopoly Abington-opoly éditée par Hasbro.;
mono-monopoly-abingtonopoly;Non possédé;Monopoly Abingtonopoly;Éditions Spéciales & Thématiques;2010;Monde;Hasbro;images/box_mono-monopoly-abingtonopoly.jpg;;;;;Édition Monopoly Abingtonopoly éditée par Hasbro.;
mono-monopoly-accra-edition;Non possédé;Monopoly Accra Edition;Éditions Spéciales & Thématiques;2010;Monde;Hasbro;images/box_mono-monopoly-accra-edition.png;;;;;Édition Monopoly Accra Edition éditée par Hasbro.;
mono-monopoly-achievement-hunter-edition;Non possédé;Monopoly Achievement Hunter Edition;Éditions Spéciales & Thématiques;2010;Monde;Hasbro;;;;;;Édition Monopoly Achievement Hunter Edition éditée par Hasbro.;
mono-monopoly-adelaide-crows-20th-anniversary-edition;Non possédé;Monopoly Adelaide Crows 20th Anniversary Edition;Classique & Anniversaire;2010;Monde;Hasbro;images/box_mono-monopoly-adelaide-crows-20th-anniversary-edition.jpg;;;;;Édition Monopoly Adelaide Crows 20th Anniversary Edition éditée par Hasbro.;
mono-monopoly-adelaide-crows-20th-anniversary-edition-1;Non possédé;Monopoly Adelaide Crows 20th anniversary Edition;Classique & Anniversaire;2010;Monde;Hasbro;;;;;;Édition Monopoly Adelaide Crows 20th anniversary Edition éditée par Hasbro.;
mono-monopoly-adelaide-crows-charity-edition;Non possédé;Monopoly Adelaide Crows Charity Edition;Éditions Spéciales & Thématiques;2005;Monde;Hasbro;images/box_mono-monopoly-adelaide-crows-charity-edition.jpg;;;;;Édition Monopoly Adelaide Crows Charity Edition éditée par Hasbro.;
mono-monopoly-adelaide-crows-edition;Non possédé;Monopoly Adelaide Crows Edition;Éditions Spéciales & Thématiques;2010;Monde;Hasbro;;;;;;Édition Monopoly Adelaide Crows Edition éditée par Hasbro.;
mono-monopoly-adelaide-edition;Non possédé;Monopoly Adelaide Edition;Éditions Spéciales & Thématiques;2010;Monde;Hasbro;images/box_mono-monopoly-adelaide-edition.png;;;;;Édition Monopoly Adelaide Edition éditée par Hasbro.;
mono-monopoly-advance-to-boardwalk;Non possédé;Monopoly Advance to Boardwalk;Éditions Spéciales & Thématiques;2010;Monde;Hasbro;images/box_mono-monopoly-advance-to-boardwalk.jpg;;;;;Édition Monopoly Advance to Boardwalk éditée par Hasbro.;
mono-monopoly-adventure-time-collector-s-edition;Non possédé;Monopoly Adventure Time Collector's Edition;Variantes & Règles Spéciales;2013;USA;USAopoly / The Op;images/box_mono-monopoly-adventure-time-collector-s-edition.jpg;;;;;Édition Monopoly Adventure Time Collector's Edition éditée par USAopoly / The Op.;
mono-monopoly-affton-opoly;Non possédé;Monopoly Affton-opoly;Éditions Spéciales & Thématiques;2010;Monde;Hasbro;images/box_mono-monopoly-affton-opoly.jpg;;;;;Édition Monopoly Affton-opoly éditée par Hasbro.;
mono-monopoly-aggie-opoly;Non possédé;Monopoly Aggie-opoly;Éditions Spéciales & Thématiques;2010;Monde;Hasbro;images/box_mono-monopoly-aggie-opoly.jpg;;;;;Édition Monopoly Aggie-opoly éditée par Hasbro.;
mono-monopoly-aix-en-provence-edition;Non possédé;Monopoly Aix en Provence Edition;Villes & Régions (France);2010;Monde;Hasbro;images/box_mono-monopoly-aix-en-provence-edition.jpg;;;;;Édition Monopoly Aix en Provence Edition éditée par Hasbro.;
mono-monopoly-al-dallal;Non possédé;Monopoly Al Dallal;Éditions Spéciales & Thématiques;2010;Monde;Hasbro;images/box_mono-monopoly-al-dallal.jpg;;;;;Édition Monopoly Al Dallal éditée par Hasbro.;
mono-monopoly-al-dallal-edition;Non possédé;Monopoly Al Dallal Edition;Éditions Spéciales & Thématiques;2010;Monde;Hasbro;;;;;;Édition Monopoly Al Dallal Edition éditée par Hasbro.;
mono-monopoly-alan-turing-edition;Non possédé;Monopoly Alan Turing Edition;Éditions Spéciales & Thématiques;2010;Monde;Hasbro;images/box_mono-monopoly-alan-turing-edition.jpg;;;;;Édition Monopoly Alan Turing Edition éditée par Hasbro.;
mono-monopoly-alaska-edition;Non possédé;Monopoly Alaska Edition;Éditions Spéciales & Thématiques;2010;Monde;Hasbro;images/box_mono-monopoly-alaska-edition.jpg;;;;;Édition Monopoly Alaska Edition éditée par Hasbro.;
mono-monopoly-alaska-s-iditarod-edition;Non possédé;Monopoly Alaska's Iditarod Edition;Éditions Spéciales & Thématiques;2010;Monde;Hasbro;images/box_mono-monopoly-alaska-s-iditarod-edition.jpg;;;;;Édition Monopoly Alaska's Iditarod Edition éditée par Hasbro.;
mono-monopoly-albany-edition;Non possédé;Monopoly Albany Edition;Éditions Spéciales & Thématiques;2010;Monde;Hasbro;;;;;;Édition Monopoly Albany Edition éditée par Hasbro.;
mono-monopoly-albany-in-a-box;Non possédé;Monopoly Albany-in-a-box;Éditions Spéciales & Thématiques;2010;Monde;Hasbro;images/box_mono-monopoly-albany-in-a-box.jpg;;;;;Édition Monopoly Albany-in-a-box éditée par Hasbro.;
mono-monopoly-alberta-opoly;Non possédé;Monopoly Alberta-opoly;Variantes & Règles Spéciales;2010;Canada;Hasbro;images/box_mono-monopoly-alberta-opoly.jpg;;;;;Édition Monopoly Alberta-opoly éditée par Hasbro.;
mono-monopoly-albertsons-edition;Non possédé;Monopoly Albertsons Edition;Éditions Spéciales & Thématiques;2010;Monde;Hasbro;;;;;;Édition Monopoly Albertsons Edition éditée par Hasbro.;
mono-monopoly-albuquerque-opoly;Non possédé;Monopoly Albuquerque-opoly;Variantes & Règles Spéciales;2010;USA;Hasbro;images/box_mono-monopoly-albuquerque-opoly.jpg;;;;;Édition Monopoly Albuquerque-opoly éditée par Hasbro.;
mono-monopoly-alfa-opoly;Non possédé;Monopoly Alfa-opoly;Variantes & Règles Spéciales;2010;Monde;Hasbro;images/box_mono-monopoly-alfa-opoly.jpg;;;;;Édition Monopoly Alfa-opoly éditée par Hasbro.;
mono-monopoly-algarve-opoly;Non possédé;Monopoly Algarve-opoly;Éditions Spéciales & Thématiques;2010;Monde;Hasbro;;;;;;Édition Monopoly Algarve-opoly éditée par Hasbro.;
mono-monopoly-algarveopoly;Non possédé;Monopoly Algarveopoly;Variantes & Règles Spéciales;1998;Monde;Hasbro;images/box_mono-monopoly-algarveopoly.jpg;;;;;Édition Monopoly Algarveopoly éditée par Hasbro.;
mono-monopoly-alice-in-wonderland-collector-s-edition;Non possédé;Monopoly Alice in Wonderland Collector's Edition;Éditions Spéciales & Thématiques;2010;Monde;Hasbro;images/box_mono-monopoly-alice-in-wonderland-collector-s-edition.jpg;;;;;Édition Monopoly Alice in Wonderland Collector's Edition éditée par Hasbro.;
mono-monopoly-all-blacks-charity-edition;Non possédé;Monopoly All Blacks Charity Edition;Variantes & Règles Spéciales;2009;Monde;Hasbro;images/box_mono-monopoly-all-blacks-charity-edition.jpg;;;;;Édition Monopoly All Blacks Charity Edition éditée par Hasbro.;
mono-monopoly-allstate-insurance-edition;Non possédé;Monopoly Allstate Insurance Edition;Éditions Spéciales & Thématiques;2010;Monde;Hasbro;;;;;;Édition Monopoly Allstate Insurance Edition éditée par Hasbro.;
mono-monopoly-allstate-main-street-edition;Non possédé;Monopoly Allstate Main Street Edition;Variantes & Règles Spéciales;1982;Monde;Hasbro;images/box_mono-monopoly-allstate-main-street-edition.jpg;;;;;Édition Monopoly Allstate Main Street Edition éditée par Hasbro.;
mono-monopoly-allstate-main-street-edition-1;Non possédé;Monopoly Allstate main street Edition;Éditions Spéciales & Thématiques;2010;Monde;Hasbro;;;;;;Édition Monopoly Allstate main street Edition éditée par Hasbro.;
mono-monopoly-alpaca-opoly;Non possédé;Monopoly Alpaca-opoly;Variantes & Règles Spéciales;2009;Monde;Hasbro;images/box_mono-monopoly-alpaca-opoly.jpg;;;;;Édition Monopoly Alpaca-opoly éditée par Hasbro.;
mono-region-alsace;Non possédé;Monopoly Alsace;Villes & Régions (France);2003;France;Winning Moves;images/mono-region-alsace.jpg;;;;;Château du Haut-Kœnigsbourg, Route des Vins, Colmar, Riquewihr et maisons à colombages.;
mono-monopoly-alsace-edition;Non possédé;Monopoly Alsace Edition;Variantes & Règles Spéciales;2002;Monde;Hasbro;images/box_mono-monopoly-alsace-edition.jpg;;;;;Édition Monopoly Alsace Edition éditée par Hasbro.;
mono-monopoly-alton-towers-edition;Non possédé;Monopoly Alton Towers Edition;Éditions Spéciales & Thématiques;2010;Monde;Hasbro;images/box_mono-monopoly-alton-towers-edition.jpg;;;;;Édition Monopoly Alton Towers Edition éditée par Hasbro.;
mono-monopoly-al-s-edition;Non possédé;Monopoly Alès Edition;Éditions Spéciales & Thématiques;2010;Monde;Hasbro;images/box_mono-monopoly-al-s-edition.png;;;;;Édition Monopoly Alès Edition éditée par Hasbro.;
mono-monopoly-amarillo-opoly;Non possédé;Monopoly Amarillo-opoly;Éditions Spéciales & Thématiques;2010;Monde;Hasbro;images/box_mono-monopoly-amarillo-opoly.jpg;;;;;Édition Monopoly Amarillo-opoly éditée par Hasbro.;
mono-monopoly-america-special-edition;Non possédé;Monopoly America Special Edition;Éditions Spéciales & Thématiques;2010;Monde;Hasbro;images/box_mono-monopoly-america-special-edition.jpg;;;;;Édition Monopoly America Special Edition éditée par Hasbro.;
mono-monopoly-america-s-national-parks-edition;Non possédé;Monopoly America's National Parks Edition;Variantes & Règles Spéciales;2005;USA;USAopoly / The Op;images/box_mono-monopoly-america-s-national-parks-edition.jpg;;;;;Édition Monopoly America's National Parks Edition éditée par USAopoly / The Op.;
mono-monopoly-america-opoly;Non possédé;Monopoly America-opoly;Éditions Spéciales & Thématiques;2010;Monde;Hasbro;images/box_mono-monopoly-america-opoly.jpg;;;;;Édition Monopoly America-opoly éditée par Hasbro.;
mono-monopoly-american-chopper-edition;Non possédé;Monopoly American Chopper Edition;Éditions Spéciales & Thématiques;2010;USA;Hasbro;images/box_mono-monopoly-american-chopper-edition.jpg;;;;;Édition Monopoly American Chopper Edition éditée par Hasbro.;
mono-monopoly-american-express-funds-edition;Non possédé;Monopoly American Express Funds Edition;Variantes & Règles Spéciales;2010;USA;Hasbro;images/box_mono-monopoly-american-express-funds-edition.jpg;;;;;Édition Monopoly American Express Funds Edition éditée par Hasbro.;
mono-monopoly-american-version-edition;Non possédé;Monopoly American Version Edition;Éditions Spéciales & Thématiques;2010;USA;Hasbro;images/box_mono-monopoly-american-version-edition.jpg;;;;;Édition Monopoly American Version Edition éditée par Hasbro.;
mono-monopoly-american-edition;Non possédé;Monopoly American edition;Éditions Spéciales & Thématiques;2010;USA;Hasbro;;;;;;Édition Monopoly American edition éditée par Hasbro.;
mono-monopoly-amherst-opoly;Non possédé;Monopoly Amherst-opoly;Éditions Spéciales & Thématiques;2010;Monde;Hasbro;;;;;;Édition Monopoly Amherst-opoly éditée par Hasbro.;
mono-monopoly-amherstopoly;Non possédé;Monopoly Amherstopoly;Éditions Spéciales & Thématiques;2010;Monde;Hasbro;images/box_mono-monopoly-amherstopoly.jpg;;;;;Édition Monopoly Amherstopoly éditée par Hasbro.;
mono-monopoly-ami-opoly;Non possédé;Monopoly Ami-opoly;Éditions Spéciales & Thématiques;2010;Monde;Hasbro;images/box_mono-monopoly-ami-opoly.jpg;;;;;Édition Monopoly Ami-opoly éditée par Hasbro.;
mono-monopoly-amiens-edition;Non possédé;Monopoly Amiens Edition;Éditions Spéciales & Thématiques;2010;Monde;Hasbro;images/box_mono-monopoly-amiens-edition.jpg;;;;;Édition Monopoly Amiens Edition éditée par Hasbro.;
mono-city-amsterdam;Non possédé;Monopoly Amsterdam;Villes & Pays (Monde);2005;Pays-Bas;Hasbro;images/mono-city-amsterdam.jpg;;;;;Canaux d'Amsterdam, Place du Dam, Rijksmuseum, Maison d'Anne Frank, Quartier des musées.;
mono-monopoly-amsterdam-edition;Non possédé;Monopoly Amsterdam Edition;Villes & Pays (Monde);2010;Monde;Hasbro;images/box_mono-monopoly-amsterdam-edition.jpg;;;;;Édition Monopoly Amsterdam Edition éditée par Hasbro.;
mono-monopoly-amsterdam-edition-2001-release;Non possédé;Monopoly Amsterdam Edition (2001 release);Villes & Pays (Monde);2001;Monde;Hasbro;images/box_mono-monopoly-amsterdam-edition-2001-release.jpg;;;;;Édition Monopoly Amsterdam Edition (2001 release) éditée par Hasbro.;
mono-monopoly-angers-edition;Non possédé;Monopoly Angers Edition;Villes & Régions (France);2010;Monde;Hasbro;images/box_mono-monopoly-angers-edition.png;;;;;Édition Monopoly Angers Edition éditée par Hasbro.;
mono-monopoly-angry-birds-edition;Non possédé;Monopoly Angry Birds Edition;Éditions Spéciales & Thématiques;2010;Monde;Hasbro;images/box_mono-monopoly-angry-birds-edition.jpg;;;;;Édition Monopoly Angry Birds Edition éditée par Hasbro.;
mono-vg-animal-crossing;Non possédé;Monopoly Animal Crossing New Horizons;Jeux Vidéo;2021;Monde / France;Hasbro;images/mono-vg-animal-crossing.webp;;;;;Explorez des îles, attrapez des insectes et des poissons, vendez-les contre des Nook Miles pour gagner !;
mono-monopoly-animal-crossing-new-horizons-edition;Non possédé;Monopoly Animal Crossing: New Horizons Edition;Jeux Vidéo;2010;Monde;Hasbro;images/box_mono-monopoly-animal-crossing-new-horizons-edition.jpg;;;;;Édition Monopoly Animal Crossing: New Horizons Edition éditée par Hasbro.;
mono-monopoly-anti-monopoly-1;Non possédé;Monopoly Anti Monopoly;Éditions Spéciales & Thématiques;2010;Monde;Hasbro;;;;;;Édition Monopoly Anti Monopoly éditée par Hasbro.;
mono-monopoly-anti-monopoly;Non possédé;Monopoly Anti-Monopoly;Variantes & Règles Spéciales;1974;Monde;Hasbro;images/box_mono-monopoly-anti-monopoly.png;;;;;Édition Monopoly Anti-Monopoly éditée par Hasbro.;
mono-monopoly-antwerp-edition;Non possédé;Monopoly Antwerp Edition;Éditions Spéciales & Thématiques;2010;Monde;Hasbro;images/box_mono-monopoly-antwerp-edition.jpg;;;;;Édition Monopoly Antwerp Edition éditée par Hasbro.;
mono-monopoly-app-banking;Non possédé;Monopoly App Banking;Éditions Spéciales & Thématiques;2010;Monde;Hasbro;images/box_mono-monopoly-app-banking.jpg;;;;;Édition Monopoly App Banking éditée par Hasbro.;
mono-monopoly-arabic-edition;Non possédé;Monopoly Arabic Edition;Éditions Spéciales & Thématiques;2010;Monde;Hasbro;images/box_mono-monopoly-arabic-edition.jpg;;;;;Édition Monopoly Arabic Edition éditée par Hasbro.;
mono-vg-pacman;Non possédé;Monopoly Arcade Pac-Man;Jeux Vidéo;2020;Monde / France;Hasbro;;;;;;Mini borne d'arcade Pac-Man rétro interactive incluse pour jouer et enregistrer ses scores.;
mono-monopoly-argentina-edition;Non possédé;Monopoly Argentina Edition;Villes & Pays (Monde);2010;Monde;Hasbro;images/box_mono-monopoly-argentina-edition.jpg;;;;;Édition Monopoly Argentina Edition éditée par Hasbro.;
mono-monopoly-ariel-edition;Non possédé;Monopoly Ariel Edition;Éditions Spéciales & Thématiques;2010;Monde;Hasbro;images/box_mono-monopoly-ariel-edition.jpg;;;;;Édition Monopoly Ariel Edition éditée par Hasbro.;
mono-monopoly-arizona-edition;Non possédé;Monopoly Arizona Edition;Éditions Spéciales & Thématiques;2010;Monde;Hasbro;images/box_mono-monopoly-arizona-edition.jpg;;;;;Édition Monopoly Arizona Edition éditée par Hasbro.;
mono-monopoly-arlington-opoly;Non possédé;Monopoly Arlington-opoly;Éditions Spéciales & Thématiques;2010;Monde;Hasbro;;;;;;Édition Monopoly Arlington-opoly éditée par Hasbro.;
mono-monopoly-arlingtonopoly;Non possédé;Monopoly Arlingtonopoly;Variantes & Règles Spéciales;2010;USA;Hasbro;images/box_mono-monopoly-arlingtonopoly.jpg;;;;;Édition Monopoly Arlingtonopoly éditée par Hasbro.;
mono-monopoly-arlon-edition;Non possédé;Monopoly Arlon Edition;Variantes & Règles Spéciales;2007;France;Hasbro;images/box_mono-monopoly-arlon-edition.jpg;;;;;Édition Monopoly Arlon Edition éditée par Hasbro.;
mono-monopoly-arsenal-farewell-to-highbury-edition;Non possédé;Monopoly Arsenal - Farewell to Highbury Edition;Variantes & Règles Spéciales;2005;Royaume-Uni;Winning Moves;images/box_mono-monopoly-arsenal-farewell-to-highbury-edition.jpg;;;;;Édition Monopoly Arsenal - Farewell to Highbury Edition éditée par Winning Moves.;
mono-monopoly-arsenal-edition;Non possédé;Monopoly Arsenal Edition;Marques & Sports;2010;Monde;Hasbro;;;;;;Édition Monopoly Arsenal Edition éditée par Hasbro.;
mono-monopoly-arsenal-f-c-edition;Non possédé;Monopoly Arsenal F.C. Edition;Variantes & Règles Spéciales;2011;Royaume-Uni;Winning Moves;images/box_mono-monopoly-arsenal-f-c-edition.jpg;;;;;Édition Monopoly Arsenal F.C. Edition éditée par Winning Moves.;
mono-monopoly-artful-tales;Non possédé;Monopoly Artful Tales;Éditions Spéciales & Thématiques;2010;Monde;Hasbro;;;;;;Édition Monopoly Artful Tales éditée par Hasbro.;
mono-monopoly-article-of-the-month;Non possédé;Monopoly Article of the Month;Éditions Spéciales & Thématiques;2010;Monde;Hasbro;;;;;;Édition Monopoly Article of the Month éditée par Hasbro.;
mono-monopoly-artopoly;Non possédé;Monopoly Artopoly;Éditions Spéciales & Thématiques;2010;Monde;Hasbro;images/box_mono-monopoly-artopoly.jpg;;;;;Édition Monopoly Artopoly éditée par Hasbro.;
mono-vg-assassins-creed;Non possédé;Monopoly Assassin's Creed;Jeux Vidéo;2014;Monde / France;Winning Moves;images/mono-vg-assassins-creed.webp;;;;;Incarnez Altaïr, Ezio, Connor, Edward Kenway, Arno Dorian dans les villes historiques de la confrérie.;
mono-monopoly-assassin-s-creed-edition;Non possédé;Monopoly Assassin's Creed Edition;Jeux Vidéo;2010;Monde;Hasbro;images/box_mono-monopoly-assassin-s-creed-edition.png;;;;;Édition Monopoly Assassin's Creed Edition éditée par Hasbro.;
mono-monopoly-aston-villa-edition;Non possédé;Monopoly Aston Villa Edition;Éditions Spéciales & Thématiques;2009;Monde;Hasbro;images/box_mono-monopoly-aston-villa-edition.jpg;;;;;Édition Monopoly Aston Villa Edition éditée par Hasbro.;
mono-monopoly-astronomy-edition;Non possédé;Monopoly Astronomy Edition;Variantes & Règles Spéciales;2001;USA;USAopoly / The Op;images/box_mono-monopoly-astronomy-edition.jpg;;;;;Édition Monopoly Astronomy Edition éditée par USAopoly / The Op.;
mono-manga-asterix;Non possédé;Monopoly Astérix et Obélix;Anime & Manga;2019;France / Europe;Winning Moves;;;;;;Le Village Gaulois qui résiste à l'envahisseur, menhirs, sangliers, camp de Babaorum et potion magique.;
mono-monopoly-atlanta-braves-collector-s-edition;Non possédé;Monopoly Atlanta Braves Collector's Edition;Éditions Spéciales & Thématiques;2010;Monde;Hasbro;images/box_mono-monopoly-atlanta-braves-collector-s-edition.jpg;;;;;Édition Monopoly Atlanta Braves Collector's Edition éditée par Hasbro.;
mono-monopoly-auburn-university-opoly;Non possédé;Monopoly Auburn University-opoly;Éditions Spéciales & Thématiques;2010;Monde;Hasbro;;;;;;Édition Monopoly Auburn University-opoly éditée par Hasbro.;
mono-monopoly-auburn-opoly;Non possédé;Monopoly Auburn-opoly;Éditions Spéciales & Thématiques;2010;Monde;Hasbro;images/box_mono-monopoly-auburn-opoly.jpg;;;;;Édition Monopoly Auburn-opoly éditée par Hasbro.;
mono-monopoly-auburnopoly;Non possédé;Monopoly Auburnopoly;Éditions Spéciales & Thématiques;2010;Monde;Hasbro;;;;;;Édition Monopoly Auburnopoly éditée par Hasbro.;
mono-monopoly-auction;Non possédé;Monopoly Auction;Éditions Spéciales & Thématiques;2010;Monde;Hasbro;;;;;;Édition Monopoly Auction éditée par Hasbro.;
mono-monopoly-austin-opoly;Non possédé;Monopoly Austin-opoly;Éditions Spéciales & Thématiques;2010;Monde;Hasbro;images/box_mono-monopoly-austin-opoly.jpg;;;;;Édition Monopoly Austin-opoly éditée par Hasbro.;
mono-monopoly-australia-edition;Non possédé;Monopoly Australia Edition;Villes & Pays (Monde);2010;Australie;Hasbro;;;;;;Édition Monopoly Australia Edition éditée par Hasbro.;
mono-monopoly-australia-edition-new;Non possédé;Monopoly Australia Edition (New);Villes & Pays (Monde);2010;Australie;Hasbro;;;;;;Édition Monopoly Australia Edition (New) éditée par Hasbro.;
mono-monopoly-australia-post;Non possédé;Monopoly Australia Post;Villes & Pays (Monde);2010;Australie;Hasbro;;;;;;Édition Monopoly Australia Post éditée par Hasbro.;
mono-monopoly-australia-post-edition;Non possédé;Monopoly Australia Post Edition;Villes & Pays (Monde);2010;Australie;Hasbro;images/box_mono-monopoly-australia-post-edition.jpg;;;;;Édition Monopoly Australia Post Edition éditée par Hasbro.;
mono-monopoly-australian-edition;Non possédé;Monopoly Australian Edition;Villes & Pays (Monde);2010;Australie;Hasbro;;;;;;Édition Monopoly Australian Edition éditée par Hasbro.;
mono-monopoly-australian-edition-old;Non possédé;Monopoly Australian Edition (Old);Variantes & Règles Spéciales;1996;Australie;Parker Brothers;images/box_mono-monopoly-australian-edition-old.jpg;;;;;Édition Monopoly Australian Edition (Old) éditée par Parker Brothers.;
mono-monopoly-australian-football-league;Non possédé;Monopoly Australian Football League;Marques & Sports;2010;Australie;Hasbro;;;;;;Édition Monopoly Australian Football League éditée par Hasbro.;
mono-monopoly-australian-football-league-edition;Non possédé;Monopoly Australian Football League Edition;Marques & Sports;2010;Australie;Hasbro;images/box_mono-monopoly-australian-football-league-edition.jpg;;;;;Édition Monopoly Australian Football League Edition éditée par Hasbro.;
mono-monopoly-australian-here-and-now-edition;Non possédé;Monopoly Australian Here and Now Edition;Villes & Pays (Monde);2010;Australie;Hasbro;images/box_mono-monopoly-australian-here-and-now-edition.jpg;;;;;Édition Monopoly Australian Here and Now Edition éditée par Hasbro.;
mono-monopoly-australian-rules-football-league;Non possédé;Monopoly Australian Rules Football League;Marques & Sports;2010;Australie;Hasbro;;;;;;Édition Monopoly Australian Rules Football League éditée par Hasbro.;
mono-monopoly-australian-rules-football-league-edition;Non possédé;Monopoly Australian Rules Football League Edition;Marques & Sports;2010;Australie;Hasbro;;;;;;Édition Monopoly Australian Rules Football League Edition éditée par Hasbro.;
mono-monopoly-australian-war-memorial;Non possédé;Monopoly Australian War Memorial;Villes & Pays (Monde);2010;Australie;Hasbro;;;;;;Édition Monopoly Australian War Memorial éditée par Hasbro.;
mono-region-auvergne;Non possédé;Monopoly Auvergne;Villes & Régions (France);2006;France;Winning Moves;;;;;;Parc naturel des Volcans d'Auvergne, Vulcania, Lac Pavin, Mont-Dore, Saint-Nectaire et Cantal.;
mono-monopoly-auvergne-edition;Non possédé;Monopoly Auvergne Edition;Villes & Régions (France);2010;Monde;Hasbro;images/box_mono-monopoly-auvergne-edition.jpg;;;;;Édition Monopoly Auvergne Edition éditée par Hasbro.;
mono-monopoly-aveyron-edition;Non possédé;Monopoly Aveyron Edition;Éditions Spéciales & Thématiques;2010;Monde;Hasbro;images/box_mono-monopoly-aveyron-edition.jpg;;;;;Édition Monopoly Aveyron Edition éditée par Hasbro.;
mono-monopoly-aviation-edition;Non possédé;Monopoly Aviation Edition;Éditions Spéciales & Thématiques;2010;Monde;Hasbro;;;;;;Édition Monopoly Aviation Edition éditée par Hasbro.;
mono-monopoly-avignon-edition;Non possédé;Monopoly Avignon Edition;Villes & Régions (France);2010;Monde;Hasbro;images/box_mono-monopoly-avignon-edition.png;;;;;Édition Monopoly Avignon Edition éditée par Hasbro.;
mono-monopoly-b-c-opoly;Non possédé;Monopoly B.C.opoly;Éditions Spéciales & Thématiques;2010;Monde;Hasbro;images/box_mono-monopoly-b-c-opoly.jpg;;;;;Édition Monopoly B.C.opoly éditée par Hasbro.;
mono-monopoly-bc-hydro-opoly;Non possédé;Monopoly BC Hydro opoly;Éditions Spéciales & Thématiques;2010;Monde;Hasbro;;;;;;Édition Monopoly BC Hydro opoly éditée par Hasbro.;
mono-monopoly-bsa-100th-anniversary-edition;Non possédé;Monopoly BSA 100th Anniversary Edition;Classique & Anniversaire;2010;Monde;Hasbro;images/box_mono-monopoly-bsa-100th-anniversary-edition.jpg;;;;;Édition Monopoly BSA 100th Anniversary Edition éditée par Hasbro.;
mono-monopoly-back-to-the-future-edition;Non possédé;Monopoly Back To The Future Edition;Films & Séries;2010;Monde;Hasbro;;;;;;Édition Monopoly Back To The Future Edition éditée par Hasbro.;
mono-monopoly-back-to-the-future-trilogy-30th-anniversa;Non possédé;Monopoly Back to the Future Trilogy '30th Anniversary Edition’;Films & Séries;2010;Monde;Hasbro;;;;;;Édition Monopoly Back to the Future Trilogy '30th Anniversary Edition’ éditée par Hasbro.;
mono-monopoly-back-to-the-future-trilogy-30th-anniversa-1;Non possédé;Monopoly Back to the Future Trilogy 30th Anniversary Edition;Variantes & Règles Spéciales;2010;Monde;Hasbro;images/box_mono-monopoly-back-to-the-future-trilogy-30th-anniversa-1.jpg;;;;;Édition Monopoly Back to the Future Trilogy 30th Anniversary Edition éditée par Hasbro.;
mono-monopoly-back-to-the-future-trilogy-custom-edition;Non possédé;Monopoly Back to the Future Trilogy Custom Edition;Films & Séries;2010;Monde;Hasbro;;;;;;Édition Monopoly Back to the Future Trilogy Custom Edition éditée par Hasbro.;
mono-monopoly-bacon-opoly;Non possédé;Monopoly Bacon-opoly;Éditions Spéciales & Thématiques;2010;Monde;Hasbro;;;;;;Édition Monopoly Bacon-opoly éditée par Hasbro.;
mono-region-baie-de-somme;Non possédé;Monopoly Baie de Somme;Villes & Régions (France);2014;France;Winning Moves;;;;;;Saint-Valery-sur-Somme, Le Crotoy, Parc du Marquenterre, les phoques de la baie et le petit train à vapeur.;
mono-monopoly-bailout-monopoly;Non possédé;Monopoly Bailout Monopoly;Éditions Spéciales & Thématiques;2010;Monde;Hasbro;images/box_mono-monopoly-bailout-monopoly.jpg;;;;;Édition Monopoly Bailout Monopoly éditée par Hasbro.;
mono-monopoly-baltimore-edition;Non possédé;Monopoly Baltimore Edition;Éditions Spéciales & Thématiques;2010;Monde;Hasbro;images/box_mono-monopoly-baltimore-edition.png;;;;;Édition Monopoly Baltimore Edition éditée par Hasbro.;
mono-monopoly-bama-opoly;Non possédé;Monopoly Bama-opoly;Éditions Spéciales & Thématiques;2010;Monde;Hasbro;;;;;;Édition Monopoly Bama-opoly éditée par Hasbro.;
mono-monopoly-bamaopoly;Non possédé;Monopoly Bamaopoly;Villes & Pays (Monde);2010;USA;Hasbro;images/box_mono-monopoly-bamaopoly.jpg;;;;;Édition Monopoly Bamaopoly éditée par Hasbro.;
mono-monopoly-bancopoly;Non possédé;Monopoly Bancopoly;Éditions Spéciales & Thématiques;2010;Monde;Hasbro;images/box_mono-monopoly-bancopoly.jpg;;;;;Édition Monopoly Bancopoly éditée par Hasbro.;
mono-electronic-bank;Non possédé;Monopoly Banque Électronique (Electronic Banking);Variantes & Règles Spéciales;2006;France / Monde;Hasbro;images/mono-electronic-bank.webp;;;;;Remplacement des billets par une unité bancaire électronique et des cartes de crédit pour chaque joueur.;
mono-ultimate-bank;Non possédé;Monopoly Banque Électronique Ultime (Ultimate Banking);Variantes & Règles Spéciales;2016;France / Monde;Hasbro;images/mono-ultimate-bank.jpg;;;;;Lecteur sans contact tap-to-pay instantané : scanne les cartes de propriété et cartes bancaires automatiquement.;
mono-monopoly-basin-street;Non possédé;Monopoly Basin Street;Éditions Spéciales & Thématiques;2010;Monde;Hasbro;;;;;;Édition Monopoly Basin Street éditée par Hasbro.;
mono-monopoly-bass-fishing-edition;Non possédé;Monopoly Bass Fishing Edition;Variantes & Règles Spéciales;1999;USA;USAopoly / The Op;images/box_mono-monopoly-bass-fishing-edition.jpg;;;;;Édition Monopoly Bass Fishing Edition éditée par USAopoly / The Op.;
mono-monopoly-basse-normandie-edition;Non possédé;Monopoly Basse-Normandie Edition;Villes & Régions (France);2010;Monde;Hasbro;images/box_mono-monopoly-basse-normandie-edition.png;;;;;Édition Monopoly Basse-Normandie Edition éditée par Hasbro.;
mono-region-arcachon;Non possédé;Monopoly Bassin d'Arcachon;Villes & Régions (France);2007;France;Winning Moves;;;;;;Dune du Pilat, Banc d'Arguin, cabanes tchanquées de l'Île aux Oiseaux, Cap Ferret et dégustation d'huîtres.;
mono-pop-batman;Non possédé;Monopoly Batman Collector's Edition;Films & Séries;2005;USA / Monde;USAopoly;images/mono-pop-batman.jpg;;;;;Gotham City, l'Asile d'Arkham, Wayne Enterprises et la Batcave avec pions Batmobile et Bat-Signal.;
mono-monopoly-batman-and-robin-collector-s-edition;Non possédé;Monopoly Batman and Robin Collector's Edition;Variantes & Règles Spéciales;1997;USA;USAopoly / The Op;images/box_mono-monopoly-batman-and-robin-collector-s-edition.jpg;;;;;Édition Monopoly Batman and Robin Collector's Edition éditée par USAopoly / The Op.;
mono-monopoly-batman-and-robin-edition;Non possédé;Monopoly Batman and Robin Edition;Films & Séries;2010;Monde;Hasbro;;;;;;Édition Monopoly Batman and Robin Edition éditée par Hasbro.;
mono-monopoly-baton-rouge-edition;Non possédé;Monopoly Baton Rouge Edition;Éditions Spéciales & Thématiques;2010;Monde;Hasbro;images/box_mono-monopoly-baton-rouge-edition.png;;;;;Édition Monopoly Baton Rouge Edition éditée par Hasbro.;
mono-monopoly-battleship;Non possédé;Monopoly Battleship;Éditions Spéciales & Thématiques;2010;Monde;Hasbro;images/box_mono-monopoly-battleship.png;;;;;Édition Monopoly Battleship éditée par Hasbro.;
mono-monopoly-bayern-edition;Non possédé;Monopoly Bayern Edition;Marques & Sports;2010;Monde;Hasbro;images/box_mono-monopoly-bayern-edition.jpg;;;;;Édition Monopoly Bayern Edition éditée par Hasbro.;
mono-monopoly-bayren-edition;Non possédé;Monopoly Bayren Edition;Éditions Spéciales & Thématiques;2010;Monde;Hasbro;;;;;;Édition Monopoly Bayren Edition éditée par Hasbro.;
mono-monopoly-bayview-dock;Non possédé;Monopoly Bayview Dock;Éditions Spéciales & Thématiques;2010;Monde;Hasbro;images/box_mono-monopoly-bayview-dock.jpg;;;;;Édition Monopoly Bayview Dock éditée par Hasbro.;
mono-monopoly-beagle-opoly;Non possédé;Monopoly Beagle-opoly;Éditions Spéciales & Thématiques;2010;Monde;Hasbro;images/box_mono-monopoly-beagle-opoly.jpg;;;;;Édition Monopoly Beagle-opoly éditée par Hasbro.;
mono-monopoly-bean-opoly;Non possédé;Monopoly Bean-opoly;Variantes & Règles Spéciales;2010;Monde;Hasbro;images/box_mono-monopoly-bean-opoly.jpg;;;;;Édition Monopoly Bean-opoly éditée par Hasbro.;
mono-monopoly-beatles-collector-s-edition;Non possédé;Monopoly Beatles Collector's Edition;Musique & Groupes;2010;Monde;Hasbro;;;;;;Édition Monopoly Beatles Collector's Edition éditée par Hasbro.;
mono-monopoly-beatles-collectors-edition;Non possédé;Monopoly Beatles Collectors Edition;Musique & Groupes;2010;Monde;Hasbro;;;;;;Édition Monopoly Beatles Collectors Edition éditée par Hasbro.;
mono-monopoly-beauvais-edition;Non possédé;Monopoly Beauvais Edition;Éditions Spéciales & Thématiques;2010;Monde;Hasbro;images/box_mono-monopoly-beauvais-edition.jpg;;;;;Édition Monopoly Beauvais Edition éditée par Hasbro.;
mono-monopoly-beaveropoly;Non possédé;Monopoly Beaveropoly;Éditions Spéciales & Thématiques;2010;Monde;Hasbro;images/box_mono-monopoly-beaveropoly.jpg;;;;;Édition Monopoly Beaveropoly éditée par Hasbro.;
mono-be-national;Non possédé;Monopoly Belgique (Édition Nationale);Villes & Régions (France);2000;Belgique;Hasbro;;;;;;Édition bilingue français / néerlandais avec les grandes villes belges (Bruges, Gand, Liège, Anvers).;
mono-monopoly-bellevue-edition;Non possédé;Monopoly Bellevue Edition;Éditions Spéciales & Thématiques;2010;Monde;Hasbro;images/box_mono-monopoly-bellevue-edition.png;;;;;Édition Monopoly Bellevue Edition éditée par Hasbro.;
mono-monopoly-ben-10-edition;Non possédé;Monopoly Ben 10 Edition;Éditions Spéciales & Thématiques;2010;Monde;Hasbro;;;;;;Édition Monopoly Ben 10 Edition éditée par Hasbro.;
mono-monopoly-ben-10-junior-edition;Non possédé;Monopoly Ben 10 Junior Edition;Junior & Enfants;2010;Monde;Hasbro;images/box_mono-monopoly-ben-10-junior-edition.jpg;;;;;Édition Monopoly Ben 10 Junior Edition éditée par Hasbro.;
mono-monopoly-berkshire-hathaway-diamond-edition;Non possédé;Monopoly Berkshire Hathaway Diamond Edition;Éditions Spéciales & Thématiques;2010;Monde;Hasbro;images/box_mono-monopoly-berkshire-hathaway-diamond-edition.jpg;;;;;Édition Monopoly Berkshire Hathaway Diamond Edition éditée par Hasbro.;
mono-city-berlin;Non possédé;Monopoly Berlin;Villes & Pays (Monde);2005;Allemagne;Winning Moves;images/mono-city-berlin.webp;;;;;Porte de Brandebourg, Alexanderplatz, Mur de Berlin, Kurfürstendamm et Potsdamer Platz.;
mono-monopoly-berlin-edition;Non possédé;Monopoly Berlin Edition;Villes & Pays (Monde);2010;Monde;Hasbro;images/box_mono-monopoly-berlin-edition.png;;;;;Édition Monopoly Berlin Edition éditée par Hasbro.;
mono-monopoly-besancon-edition;Non possédé;Monopoly Besancon Edition;Éditions Spéciales & Thématiques;2010;Monde;Hasbro;;;;;;Édition Monopoly Besancon Edition éditée par Hasbro.;
mono-monopoly-besan-on-edition;Non possédé;Monopoly Besançon Edition;Éditions Spéciales & Thématiques;2010;Monde;Hasbro;images/box_mono-monopoly-besan-on-edition.jpg;;;;;Édition Monopoly Besançon Edition éditée par Hasbro.;
mono-monopoly-best-buy-corp-edition;Non possédé;Monopoly Best Buy Corp. Edition;Éditions Spéciales & Thématiques;2010;Monde;Hasbro;images/box_mono-monopoly-best-buy-corp-edition.jpg;;;;;Édition Monopoly Best Buy Corp. Edition éditée par Hasbro.;
mono-monopoly-betty-boop-collector-s-edition;Non possédé;Monopoly Betty Boop Collector's Edition;Éditions Spéciales & Thématiques;2010;Monde;Hasbro;images/box_mono-monopoly-betty-boop-collector-s-edition.jpg;;;;;Édition Monopoly Betty Boop Collector's Edition éditée par Hasbro.;
mono-monopoly-betty-boop-edition;Non possédé;Monopoly Betty Boop Edition;Éditions Spéciales & Thématiques;2010;Monde;Hasbro;;;;;;Édition Monopoly Betty Boop Edition éditée par Hasbro.;
mono-monopoly-beyond-boardwalk-and-park-place;Non possédé;Monopoly Beyond Boardwalk and Park Place;Éditions Spéciales & Thématiques;2010;Monde;Hasbro;;;;;;Édition Monopoly Beyond Boardwalk and Park Place éditée par Hasbro.;
mono-monopoly-beyond-boardwalk-and-park-place-alternati;Non possédé;Monopoly Beyond Boardwalk and Park Place (Alternative Rules);Éditions Spéciales & Thématiques;2010;Monde;Hasbro;images/box_mono-monopoly-beyond-boardwalk-and-park-place-alternati.jpg;;;;;Édition Monopoly Beyond Boardwalk and Park Place (Alternative Rules) éditée par Hasbro.;
mono-monopoly-beyond-boardwalk-and-park-place-book;Non possédé;Monopoly Beyond Boardwalk and Park Place (book);Éditions Spéciales & Thématiques;2010;Monde;Hasbro;images/box_mono-monopoly-beyond-boardwalk-and-park-place-book.jpg;;;;;Édition Monopoly Beyond Boardwalk and Park Place (book) éditée par Hasbro.;
mono-ville-biarritz;Non possédé;Monopoly Biarritz & Côte Basque;Villes & Régions (France);2005;France;Winning Moves;;;;;;Rocher de la Vierge, Hôtel du Palais, Grande Plage, spots de surf légendaires et casino.;
mono-monopoly-bible-opoly;Non possédé;Monopoly Bible-opoly;Éditions Spéciales & Thématiques;2010;Monde;Hasbro;;;;;;Édition Monopoly Bible-opoly éditée par Hasbro.;
mono-monopoly-bibleopoly;Non possédé;Monopoly Bibleopoly;Variantes & Règles Spéciales;1991;USA;Hasbro;images/box_mono-monopoly-bibleopoly.jpg;;;;;Édition Monopoly Bibleopoly éditée par Hasbro.;
mono-bid-2020;Non possédé;Monopoly Bid;Variantes & Règles Spéciales;2020;France / Monde;Hasbro;;;;;;Jeu de cartes rapide et tactique basé sur des enchères à l'aveugle pour rafler des groupes de propriétés.;
mono-monopoly-bielefeld-edition;Non possédé;Monopoly Bielefeld Edition;Éditions Spéciales & Thématiques;2010;Monde;Hasbro;images/box_mono-monopoly-bielefeld-edition.jpg;;;;;Édition Monopoly Bielefeld Edition éditée par Hasbro.;
mono-monopoly-big-bang-theory-edition;Non possédé;Monopoly Big Bang Theory Edition;Films & Séries;2010;Monde;Hasbro;images/box_mono-monopoly-big-bang-theory-edition.jpg;;;;;Édition Monopoly Big Bang Theory Edition éditée par Hasbro.;
mono-monopoly-birmingham-alabama-edition-1;Non possédé;Monopoly Birmingham (Alabama) Edition;Éditions Spéciales & Thématiques;2010;Monde;Hasbro;images/box_mono-monopoly-birmingham-alabama-edition-1.jpg;;;;;Édition Monopoly Birmingham (Alabama) Edition éditée par Hasbro.;
mono-monopoly-birmingham-uk-edition;Non possédé;Monopoly Birmingham (UK) Edition;Variantes & Règles Spéciales;1998;Royaume-Uni;Winning Moves;images/box_mono-monopoly-birmingham-uk-edition.jpg;;;;;Édition Monopoly Birmingham (UK) Edition éditée par Winning Moves.;
mono-monopoly-birmingham-edition;Non possédé;Monopoly Birmingham Edition;Éditions Spéciales & Thématiques;2010;Monde;Hasbro;;;;;;Édition Monopoly Birmingham Edition éditée par Hasbro.;
mono-monopoly-birmingham-alabama-edition;Non possédé;Monopoly Birmingham, Alabama Edition;Éditions Spéciales & Thématiques;2010;Monde;Hasbro;;;;;;Édition Monopoly Birmingham, Alabama Edition éditée par Hasbro.;
mono-monopoly-birthday-gift;Non possédé;Monopoly Birthday Gift;Éditions Spéciales & Thématiques;2010;Monde;Hasbro;;;;;;Édition Monopoly Birthday Gift éditée par Hasbro.;
mono-monopoly-black-color-group-properties;Non possédé;Monopoly Black Color Group Properties;Éditions Spéciales & Thématiques;2010;Monde;Hasbro;;;;;;Édition Monopoly Black Color Group Properties éditée par Hasbro.;
mono-monopoly-bloxopoly-collector-s-edition;Non possédé;Monopoly Bloxopoly Collector's Edition;Éditions Spéciales & Thématiques;2010;Monde;Hasbro;images/box_mono-monopoly-bloxopoly-collector-s-edition.jpg;;;;;Édition Monopoly Bloxopoly Collector's Edition éditée par Hasbro.;
mono-monopoly-bloxopoly-collector-edition;Non possédé;Monopoly Bloxopoly: Collector Edition;Éditions Spéciales & Thématiques;2010;Monde;Hasbro;;;;;;Édition Monopoly Bloxopoly: Collector Edition éditée par Hasbro.;
mono-monopoly-bluey-junior-edition;Non possédé;Monopoly Bluey Junior Edition;Junior & Enfants;2010;Monde;Hasbro;;;;;;Édition Monopoly Bluey Junior Edition éditée par Hasbro.;
mono-monopoly-board-crawl-edition;Non possédé;Monopoly Board Crawl Edition;Éditions Spéciales & Thématiques;2010;Monde;Hasbro;images/box_mono-monopoly-board-crawl-edition.png;;;;;Édition Monopoly Board Crawl Edition éditée par Hasbro.;
mono-monopoly-boardwalk;Non possédé;Monopoly Boardwalk;Éditions Spéciales & Thématiques;2010;Monde;Hasbro;images/box_mono-monopoly-boardwalk.jpg;;;;;Édition Monopoly Boardwalk éditée par Hasbro.;
mono-monopoly-boca-juniors-edition;Non possédé;Monopoly Boca Juniors Edition;Junior & Enfants;2010;Monde;Hasbro;images/box_mono-monopoly-boca-juniors-edition.jpg;;;;;Édition Monopoly Boca Juniors Edition éditée par Hasbro.;
mono-monopoly-bogen-perk-property;Non possédé;Monopoly Bogenšperk (Property);Éditions Spéciales & Thématiques;2010;Monde;Hasbro;images/box_mono-monopoly-bogen-perk-property.jpg;;;;;Édition Monopoly Bogenšperk (Property) éditée par Hasbro.;
mono-monopoly-boise-edition;Non possédé;Monopoly Boise Edition;Éditions Spéciales & Thématiques;2010;Monde;Hasbro;images/box_mono-monopoly-boise-edition.png;;;;;Édition Monopoly Boise Edition éditée par Hasbro.;
mono-monopoly-book-oploy;Non possédé;Monopoly Book-oploy;Éditions Spéciales & Thématiques;2010;Monde;Hasbro;;;;;;Édition Monopoly Book-oploy éditée par Hasbro.;
mono-monopoly-bookoploy;Non possédé;Monopoly Bookoploy;Éditions Spéciales & Thématiques;2010;Monde;Hasbro;;;;;;Édition Monopoly Bookoploy éditée par Hasbro.;
mono-monopoly-bookopoly;Non possédé;Monopoly Bookopoly;Variantes & Règles Spéciales;2006;Monde;Hasbro;images/box_mono-monopoly-bookopoly.jpg;;;;;Édition Monopoly Bookopoly éditée par Hasbro.;
mono-monopoly-bookshelf-editions;Non possédé;Monopoly Bookshelf Editions;Éditions Spéciales & Thématiques;2010;Monde;Hasbro;images/box_mono-monopoly-bookshelf-editions.jpg;;;;;Édition Monopoly Bookshelf Editions éditée par Hasbro.;
mono-ville-bordeaux;Non possédé;Monopoly Bordeaux;Villes & Régions (France);2004;France;Winning Moves;;;;;;Place de la Bourse, Grand Théâtre, Rue Sainte-Catherine, Miroir d'eau et vignobles bordelais.;
mono-monopoly-borinkopoly;Non possédé;Monopoly Borinkopoly;Variantes & Règles Spéciales;2006;Monde;Hasbro;images/box_mono-monopoly-borinkopoly.jpg;;;;;Édition Monopoly Borinkopoly éditée par Hasbro.;
mono-monopoly-borussia-dortmund-double-sieger-2012-edit;Non possédé;Monopoly Borussia Dortmund Double-Sieger 2012 Edition;Marques & Sports;2012;Monde;Hasbro;images/box_mono-monopoly-borussia-dortmund-double-sieger-2012-edit.jpg;;;;;Édition Monopoly Borussia Dortmund Double-Sieger 2012 Edition éditée par Hasbro.;
mono-monopoly-borussia-dortmund-edition;Non possédé;Monopoly Borussia Dortmund Edition;Marques & Sports;2010;Monde;Hasbro;images/box_mono-monopoly-borussia-dortmund-edition.png;;;;;Édition Monopoly Borussia Dortmund Edition éditée par Hasbro.;
mono-monopoly-boston-celtics-edition;Non possédé;Monopoly Boston Celtics Edition;Marques & Sports;2006;Monde;Hasbro;images/box_mono-monopoly-boston-celtics-edition.jpg;;;;;Édition Monopoly Boston Celtics Edition éditée par Hasbro.;
mono-monopoly-boston-red-sox-collector-s-edition;Non possédé;Monopoly Boston Red Sox Collector's Edition;Marques & Sports;2010;Monde;Hasbro;images/box_mono-monopoly-boston-red-sox-collector-s-edition.jpg;;;;;Édition Monopoly Boston Red Sox Collector's Edition éditée par Hasbro.;
mono-monopoly-boston-red-sox-edition;Non possédé;Monopoly Boston Red Sox Edition;Variantes & Règles Spéciales;2006;USA;USAopoly / The Op;images/box_mono-monopoly-boston-red-sox-edition.jpg;;;;;Édition Monopoly Boston Red Sox Edition éditée par USAopoly / The Op.;
mono-monopoly-boston-opoly;Non possédé;Monopoly Boston-opoly;Variantes & Règles Spéciales;2010;USA;Hasbro;images/box_mono-monopoly-boston-opoly.jpg;;;;;Édition Monopoly Boston-opoly éditée par Hasbro.;
mono-monopoly-boulder-edition;Non possédé;Monopoly Boulder Edition;Éditions Spéciales & Thématiques;2010;Monde;Hasbro;images/box_mono-monopoly-boulder-edition.png;;;;;Édition Monopoly Boulder Edition éditée par Hasbro.;
mono-monopoly-boutique-edition;Non possédé;Monopoly Boutique Edition;Éditions Spéciales & Thématiques;2010;Monde;Hasbro;images/box_mono-monopoly-boutique-edition.jpg;;;;;Édition Monopoly Boutique Edition éditée par Hasbro.;
mono-monopoly-boy-scouts-of-america-edition;Non possédé;Monopoly Boy Scouts of America Edition;Éditions Spéciales & Thématiques;2010;Monde;Hasbro;images/box_mono-monopoly-boy-scouts-of-america-edition.jpg;;;;;Édition Monopoly Boy Scouts of America Edition éditée par Hasbro.;
mono-monopoly-bradford-edition;Non possédé;Monopoly Bradford Edition;Marques & Sports;2010;Monde;Hasbro;images/box_mono-monopoly-bradford-edition.jpg;;;;;Édition Monopoly Bradford Edition éditée par Hasbro.;
mono-monopoly-branson-edition;Non possédé;Monopoly Branson Edition;Éditions Spéciales & Thématiques;2010;Monde;Hasbro;images/box_mono-monopoly-branson-edition.png;;;;;Édition Monopoly Branson Edition éditée par Hasbro.;
mono-monopoly-bratz-junior-edition;Non possédé;Monopoly Bratz Junior Edition;Junior & Enfants;2010;Monde;Hasbro;images/box_mono-monopoly-bratz-junior-edition.jpg;;;;;Édition Monopoly Bratz Junior Edition éditée par Hasbro.;
mono-monopoly-bratz-monopoly-jr-edition;Non possédé;Monopoly Bratz Monopoly Jr. Edition;Éditions Spéciales & Thématiques;2010;Monde;Hasbro;;;;;;Édition Monopoly Bratz Monopoly Jr. Edition éditée par Hasbro.;
mono-monopoly-brave-collector-s-edition;Non possédé;Monopoly Brave Collector's Edition;Variantes & Règles Spéciales;2012;USA;USAopoly / The Op;images/box_mono-monopoly-brave-collector-s-edition.jpg;;;;;Édition Monopoly Brave Collector's Edition éditée par USAopoly / The Op.;
mono-pop-breaking-bad;Non possédé;Monopoly Breaking Bad;Films & Séries;2020;USA / Monde;USAopoly;images/mono-pop-breaking-bad.webp;;;;;Albuquerque : Los Pollos Hermanos, le labo clandestin, le camping-car Fleetwood Bounder, le chapeau Heisenberg.;
mono-monopoly-breaking-bad-edition;Non possédé;Monopoly Breaking Bad Edition;Films & Séries;2010;Monde;Hasbro;images/box_mono-monopoly-breaking-bad-edition.png;;;;;Édition Monopoly Breaking Bad Edition éditée par Hasbro.;
mono-monopoly-bremen-edition;Non possédé;Monopoly Bremen Edition;Éditions Spéciales & Thématiques;2010;Monde;Hasbro;images/box_mono-monopoly-bremen-edition.jpg;;;;;Édition Monopoly Bremen Edition éditée par Hasbro.;
mono-monopoly-bremerhaven-edition;Non possédé;Monopoly Bremerhaven Edition;Éditions Spéciales & Thématiques;2010;Monde;Hasbro;images/box_mono-monopoly-bremerhaven-edition.png;;;;;Édition Monopoly Bremerhaven Edition éditée par Hasbro.;
mono-region-bretagne;Non possédé;Monopoly Bretagne;Villes & Régions (France);2002;France;Winning Moves;;;;;;Saint-Malo, Brest, Golfe du Morbihan, Carnac, Forêt de Brocéliande et Côte de Granit Rose.;
mono-monopoly-brew-opoly;Non possédé;Monopoly Brew-opoly;Variantes & Règles Spéciales;2010;Monde;Hasbro;images/box_mono-monopoly-brew-opoly.jpg;;;;;Édition Monopoly Brew-opoly éditée par Hasbro.;
mono-monopoly-brighton-hove-edition;Non possédé;Monopoly Brighton & Hove Edition;Éditions Spéciales & Thématiques;2010;Monde;Hasbro;images/box_mono-monopoly-brighton-hove-edition.jpg;;;;;Édition Monopoly Brighton & Hove Edition éditée par Hasbro.;
mono-monopoly-brighton-edition;Non possédé;Monopoly Brighton Edition;Éditions Spéciales & Thématiques;2010;Monde;Hasbro;images/box_mono-monopoly-brighton-edition.jpg;;;;;Édition Monopoly Brighton Edition éditée par Hasbro.;
mono-monopoly-brightside;Non possédé;Monopoly Brightside;Éditions Spéciales & Thématiques;2010;Monde;Hasbro;images/box_mono-monopoly-brightside.jpg;;;;;Édition Monopoly Brightside éditée par Hasbro.;
mono-monopoly-brisbane-broncos-nrl-wow-edition;Non possédé;Monopoly Brisbane Broncos NRL WOW Edition;Éditions Spéciales & Thématiques;2010;Monde;Hasbro;;;;;;Édition Monopoly Brisbane Broncos NRL WOW Edition éditée par Hasbro.;
mono-monopoly-brisbane-broncos-wow-charity-edition;Non possédé;Monopoly Brisbane Broncos WOW Charity Edition;Éditions Spéciales & Thématiques;2010;Monde;Hasbro;images/box_mono-monopoly-brisbane-broncos-wow-charity-edition.jpg;;;;;Édition Monopoly Brisbane Broncos WOW Charity Edition éditée par Hasbro.;
mono-monopoly-britney-spears-edition;Non possédé;Monopoly Britney Spears Edition;Éditions Spéciales & Thématiques;2010;Monde;Hasbro;images/box_mono-monopoly-britney-spears-edition.png;;;;;Édition Monopoly Britney Spears Edition éditée par Hasbro.;
mono-monopoly-brooklyn-edition;Non possédé;Monopoly Brooklyn Edition;Éditions Spéciales & Thématiques;2010;Monde;Hasbro;images/box_mono-monopoly-brooklyn-edition.png;;;;;Édition Monopoly Brooklyn Edition éditée par Hasbro.;
mono-monopoly-brown-color-group-properties;Non possédé;Monopoly Brown Color Group Properties;Éditions Spéciales & Thématiques;2010;Monde;Hasbro;images/box_mono-monopoly-brown-color-group-properties.jpg;;;;;Édition Monopoly Brown Color Group Properties éditée par Hasbro.;
mono-be-bruxelles;Non possédé;Monopoly Bruxelles;Villes & Régions (France);2001;Belgique;Winning Moves;;;;;;Grand-Place de Bruxelles, Atomium, Manneken-Pis, Sablon et Palais Royal.;
mono-monopoly-buckey-oploly;Non possédé;Monopoly Buckey-oploly;Éditions Spéciales & Thématiques;2010;Monde;Hasbro;;;;;;Édition Monopoly Buckey-oploly éditée par Hasbro.;
mono-monopoly-buckoploly;Non possédé;Monopoly Buckoploly;Variantes & Règles Spéciales;2010;USA;Hasbro;images/box_mono-monopoly-buckoploly.jpg;;;;;Édition Monopoly Buckoploly éditée par Hasbro.;
mono-monopoly-builder;Possédé;Monopoly Builder;Déclinaisons & Variantes;2021;France;Hasbro Gaming;images/box_mono-builder.jpg;Très bon état;;;Collection personnelle;Édition stratégique où les joueurs achètent des terrains et empilent des blocs de construction en 3D sur l'île Monopoly pour ériger leur penthouse au centre de la ville.;Réf Hasbro F1696 / 0421F1696101. Île centrale et blocs de construction 3D.
mono-monopoly-bunnings-warehouse-edition;Non possédé;Monopoly Bunnings Warehouse Edition;Variantes & Règles Spéciales;2007;Australie;Hasbro;images/box_mono-monopoly-bunnings-warehouse-edition.jpg;;;;;Édition Monopoly Bunnings Warehouse Edition éditée par Hasbro.;
mono-monopoly-bus-ticket;Non possédé;Monopoly Bus Ticket;Éditions Spéciales & Thématiques;2010;USA;Hasbro;images/box_mono-monopoly-bus-ticket.jpg;;;;;Édition Monopoly Bus Ticket éditée par Hasbro.;
mono-monopoly-caen-edition;Non possédé;Monopoly Caen Edition;Éditions Spéciales & Thématiques;2010;Monde;Hasbro;images/box_mono-monopoly-caen-edition.png;;;;;Édition Monopoly Caen Edition éditée par Hasbro.;
mono-region-calvados;Non possédé;Monopoly Calvados;Villes & Régions (France);2011;France;Winning Moves;;;;;;Pays d'Auge, Deauville, Trouville, Honfleur, Bayeux et plages du Débarquement.;
mono-monopoly-camargue-edition;Non possédé;Monopoly Camargue Edition;Éditions Spéciales & Thématiques;2010;Monde;Hasbro;images/box_mono-monopoly-camargue-edition.png;;;;;Édition Monopoly Camargue Edition éditée par Hasbro.;
mono-monopoly-cambridge-massachusetts-edition;Non possédé;Monopoly Cambridge (Massachusetts) Edition;Éditions Spéciales & Thématiques;2010;Monde;Hasbro;images/box_mono-monopoly-cambridge-massachusetts-edition.jpg;;;;;Édition Monopoly Cambridge (Massachusetts) Edition éditée par Hasbro.;
mono-monopoly-cambridge-edition;Non possédé;Monopoly Cambridge Edition;Variantes & Règles Spéciales;2004;Royaume-Uni;Winning Moves;images/box_mono-monopoly-cambridge-edition.jpg;;;;;Édition Monopoly Cambridge Edition éditée par Winning Moves.;
mono-monopoly-cambridge-edition-ma-usa;Non possédé;Monopoly Cambridge Edition (MA, USA);Éditions Spéciales & Thématiques;2010;USA;Hasbro;;;;;;Édition Monopoly Cambridge Edition (MA, USA) éditée par Hasbro.;
mono-monopoly-canada-opoly;Non possédé;Monopoly Canada-opoly;Villes & Pays (Monde);2010;Canada;Hasbro;images/box_mono-monopoly-canada-opoly.jpg;;;;;Édition Monopoly Canada-opoly éditée par Hasbro.;
mono-monopoly-canadian-edition-1961-release;Non possédé;Monopoly Canadian Edition (1961 release);Classique & Anniversaire;1961;Canada;Hasbro;;;;;;Édition Monopoly Canadian Edition (1961 release) éditée par Hasbro.;
mono-monopoly-canadian-edition-1982-release;Non possédé;Monopoly Canadian Edition (1982 release);Classique & Anniversaire;1982;Canada;Hasbro;images/box_mono-monopoly-canadian-edition-1982-release.jpg;;;;;Édition Monopoly Canadian Edition (1982 release) éditée par Hasbro.;
mono-monopoly-canadian-edition-1985-release;Non possédé;Monopoly Canadian Edition (1985 release);Variantes & Règles Spéciales;1985;Canada;Hasbro;images/box_mono-monopoly-canadian-edition-1985-release.jpg;;;;;Édition Monopoly Canadian Edition (1985 release) éditée par Hasbro.;
mono-monopoly-canadian-edition-2000-release;Non possédé;Monopoly Canadian Edition (2000 release);Éditions Spéciales & Thématiques;2000;Canada;Hasbro;images/box_mono-monopoly-canadian-edition-2000-release.jpg;;;;;Édition Monopoly Canadian Edition (2000 release) éditée par Hasbro.;
mono-monopoly-canadian-electronic-banking-edition-2010-;Non possédé;Monopoly Canadian Electronic Banking Edition (2010 release);Variantes & Règles Spéciales;2010;Canada;Hasbro;images/box_mono-monopoly-canadian-electronic-banking-edition-2010-.jpg;;;;;Édition Monopoly Canadian Electronic Banking Edition (2010 release) éditée par Hasbro.;
mono-monopoly-canberra;Non possédé;Monopoly Canberra;Éditions Spéciales & Thématiques;2010;Monde;Hasbro;;;;;;Édition Monopoly Canberra éditée par Hasbro.;
mono-monopoly-canberra-edition;Non possédé;Monopoly Canberra Edition;Éditions Spéciales & Thématiques;2010;Monde;Hasbro;images/box_mono-monopoly-canberra-edition.jpg;;;;;Édition Monopoly Canberra Edition éditée par Hasbro.;
mono-monopoly-candy-opoly;Non possédé;Monopoly Candy-opoly;Éditions Spéciales & Thématiques;2010;Monde;Hasbro;images/box_mono-monopoly-candy-opoly.jpg;;;;;Édition Monopoly Candy-opoly éditée par Hasbro.;
mono-monopoly-cantabria-edition;Non possédé;Monopoly Cantabria Edition;Éditions Spéciales & Thématiques;2010;Monde;Hasbro;images/box_mono-monopoly-cantabria-edition.jpg;;;;;Édition Monopoly Cantabria Edition éditée par Hasbro.;
mono-monopoly-cape-cod-edition;Non possédé;Monopoly Cape Cod Edition;Éditions Spéciales & Thématiques;2010;Monde;Hasbro;images/box_mono-monopoly-cape-cod-edition.png;;;;;Édition Monopoly Cape Cod Edition éditée par Hasbro.;
mono-monopoly-capitol-hill;Non possédé;Monopoly Capitol Hill;Éditions Spéciales & Thématiques;2010;Monde;Hasbro;;;;;;Édition Monopoly Capitol Hill éditée par Hasbro.;
mono-monopoly-capitol-hill-alternative-rules;Non possédé;Monopoly Capitol Hill (Alternative Rules);Éditions Spéciales & Thématiques;2010;Monde;Hasbro;images/box_mono-monopoly-capitol-hill-alternative-rules.jpg;;;;;Édition Monopoly Capitol Hill (Alternative Rules) éditée par Hasbro.;
mono-monopoly-cardiff-edition;Non possédé;Monopoly Cardiff Edition;Variantes & Règles Spéciales;2009;Royaume-Uni;Winning Moves;images/box_mono-monopoly-cardiff-edition.jpg;;;;;Édition Monopoly Cardiff Edition éditée par Winning Moves.;
mono-monopoly-cards;Non possédé;Monopoly Cards;Éditions Spéciales & Thématiques;2010;Monde;Hasbro;images/box_mono-monopoly-cards.png;;;;;Édition Monopoly Cards éditée par Hasbro.;
mono-monopoly-cartoon-network-edition;Non possédé;Monopoly Cartoon Network Edition;Éditions Spéciales & Thématiques;2010;Monde;Hasbro;images/box_mono-monopoly-cartoon-network-edition.png;;;;;Édition Monopoly Cartoon Network Edition éditée par Hasbro.;
mono-monopoly-cash-grab;Non possédé;Monopoly Cash Grab;Éditions Spéciales & Thématiques;2010;Monde;Hasbro;;;;;;Édition Monopoly Cash Grab éditée par Hasbro.;
mono-monopoly-casino-rama-big-time-edition;Non possédé;Monopoly Casino Rama Big Time Edition;Éditions Spéciales & Thématiques;2010;Monde;Hasbro;images/box_mono-monopoly-casino-rama-big-time-edition.jpg;;;;;Édition Monopoly Casino Rama Big Time Edition éditée par Hasbro.;
mono-monopoly-cat-lovers-edition;Non possédé;Monopoly Cat Lovers Edition;Variantes & Règles Spéciales;2007;USA;USAopoly / The Op;images/box_mono-monopoly-cat-lovers-edition.jpg;;;;;Édition Monopoly Cat Lovers Edition éditée par USAopoly / The Op.;
mono-monopoly-cat-in-the-hat-opoly;Non possédé;Monopoly Cat in the Hat-opoly;Variantes & Règles Spéciales;2003;Monde;Hasbro;images/box_mono-monopoly-cat-in-the-hat-opoly.jpg;;;;;Édition Monopoly Cat in the Hat-opoly éditée par Hasbro.;
mono-monopoly-caterpillar-cat-edition;Non possédé;Monopoly Caterpillar (CAT) Edition;Marques & Sports;2010;Monde;Hasbro;images/box_mono-monopoly-caterpillar-cat-edition.png;;;;;Édition Monopoly Caterpillar (CAT) Edition éditée par Hasbro.;
mono-monopoly-central-city;Non possédé;Monopoly Central City;Variantes & Règles Spéciales;2010;Monde;Hasbro;images/box_mono-monopoly-central-city.jpg;;;;;Édition Monopoly Central City éditée par Hasbro.;
mono-monopoly-central-quay;Non possédé;Monopoly Central Quay;Éditions Spéciales & Thématiques;2010;Monde;Hasbro;images/box_mono-monopoly-central-quay.jpg;;;;;Édition Monopoly Central Quay éditée par Hasbro.;
mono-monopoly-century-of-flight-edition;Non possédé;Monopoly Century of Flight Edition;Éditions Spéciales & Thématiques;2010;Monde;Hasbro;;;;;;Édition Monopoly Century of Flight Edition éditée par Hasbro.;
mono-monopoly-century-of-flight-aviation-edition;Non possédé;Monopoly Century of Flight: Aviation Edition;Variantes & Règles Spéciales;2007;USA;USAopoly / The Op;images/box_mono-monopoly-century-of-flight-aviation-edition.jpg;;;;;Édition Monopoly Century of Flight: Aviation Edition éditée par USAopoly / The Op.;
mono-monopoly-cereal-edition;Non possédé;Monopoly Cereal Edition;Éditions Spéciales & Thématiques;2010;Monde;Hasbro;;;;;;Édition Monopoly Cereal Edition éditée par Hasbro.;
mono-region-champagne;Non possédé;Monopoly Champagne;Villes & Régions (France);2008;France;Winning Moves;;;;;;Grandes maisons de champagne d'Épernay et Reims, côte des Blancs, Montagne de Reims et caves historiques.;
mono-monopoly-championship-edition;Non possédé;Monopoly Championship Edition;Éditions Spéciales & Thématiques;2010;Monde;Hasbro;;;;;;Édition Monopoly Championship Edition éditée par Hasbro.;
mono-chance-2023;Non possédé;Monopoly Chance;Variantes & Règles Spéciales;2023;France / Monde;Hasbro;;;;;;Jeu de cartes et de dés rapides : tentez votre chance pour acheter des propriétés sans faire faillite !;
mono-monopoly-charles-darrow;Non possédé;Monopoly Charles Darrow;Éditions Spéciales & Thématiques;2010;Monde;Hasbro;images/box_mono-monopoly-charles-darrow.png;;;;;Édition Monopoly Charles Darrow éditée par Hasbro.;
mono-monopoly-charleston-edition;Non possédé;Monopoly Charleston Edition;Éditions Spéciales & Thématiques;2010;Monde;Hasbro;images/box_mono-monopoly-charleston-edition.png;;;;;Édition Monopoly Charleston Edition éditée par Hasbro.;
mono-monopoly-cheaters-edition;Non possédé;Monopoly Cheaters Edition;Variantes & Règles Spéciales;2010;Monde;Hasbro;images/box_mono-monopoly-cheaters-edition.jpg;;;;;Édition Monopoly Cheaters Edition éditée par Hasbro.;
mono-monopoly-chelmsford-edition;Non possédé;Monopoly Chelmsford Edition;Marques & Sports;2010;Monde;Hasbro;images/box_mono-monopoly-chelmsford-edition.png;;;;;Édition Monopoly Chelmsford Edition éditée par Hasbro.;
mono-monopoly-chelsea-f-c-edition-1;Non possédé;Monopoly Chelsea F.C Edition;Marques & Sports;2010;Monde;Hasbro;;;;;;Édition Monopoly Chelsea F.C Edition éditée par Hasbro.;
mono-monopoly-chelsea-f-c-edition;Non possédé;Monopoly Chelsea F.C. Edition;Marques & Sports;2010;Monde;Hasbro;images/box_mono-monopoly-chelsea-f-c-edition.jpg;;;;;Édition Monopoly Chelsea F.C. Edition éditée par Hasbro.;
mono-city-chicago;Non possédé;Monopoly Chicago;Villes & Pays (Monde);2001;USA;USAopoly;images/mono-city-chicago.jpg;;;;;Willis Tower (Sears Tower), Millennium Park (The Bean), Navy Pier, Magnificent Mile, Wrigley Field.;
mono-monopoly-chicago-edition;Non possédé;Monopoly Chicago Edition;Variantes & Règles Spéciales;1995;USA;USAopoly / The Op;images/box_mono-monopoly-chicago-edition.jpg;;;;;Édition Monopoly Chicago Edition éditée par USAopoly / The Op.;
mono-monopoly-chicago-white-sox-edition;Non possédé;Monopoly Chicago White Sox Edition;Variantes & Règles Spéciales;2005;USA;USAopoly / The Op;images/box_mono-monopoly-chicago-white-sox-edition.jpg;;;;;Édition Monopoly Chicago White Sox Edition éditée par USAopoly / The Op.;
mono-monopoly-chicago-in-a-box;Non possédé;Monopoly Chicago in a Box;Variantes & Règles Spéciales;2010;USA;Hasbro;images/box_mono-monopoly-chicago-in-a-box.jpg;;;;;Édition Monopoly Chicago in a Box éditée par Hasbro.;
mono-monopoly-chile-edition;Non possédé;Monopoly Chile Edition;Éditions Spéciales & Thématiques;2010;Monde;Hasbro;images/box_mono-monopoly-chile-edition.jpg;;;;;Édition Monopoly Chile Edition éditée par Hasbro.;
mono-monopoly-china-edition;Non possédé;Monopoly China Edition;Villes & Pays (Monde);2010;Monde;Hasbro;images/box_mono-monopoly-china-edition.jpg;;;;;Édition Monopoly China Edition éditée par Hasbro.;
mono-monopoly-chocolate-edition;Non possédé;Monopoly Chocolate Edition;Éditions Spéciales & Thématiques;2010;Monde;Hasbro;images/box_mono-monopoly-chocolate-edition.jpg;;;;;Édition Monopoly Chocolate Edition éditée par Hasbro.;
mono-monopoly-chocolate-opoly;Non possédé;Monopoly Chocolate-opoly;Éditions Spéciales & Thématiques;2010;Monde;Hasbro;images/box_mono-monopoly-chocolate-opoly.jpg;;;;;Édition Monopoly Chocolate-opoly éditée par Hasbro.;
mono-monopoly-christmas-opoly;Non possédé;Monopoly Christmas-opoly;Éditions Spéciales & Thématiques;2010;Monde;Hasbro;images/box_mono-monopoly-christmas-opoly.jpg;;;;;Édition Monopoly Christmas-opoly éditée par Hasbro.;
mono-city-3d;Non possédé;Monopoly City;Variantes & Règles Spéciales;2009;France / Monde;Hasbro;;;;;;Jeu de construction urbaine en 3D : bâtissez des gratte-ciels, maisons, stades et zones industrielles au centre du plateau grâce à l'unité de construction électronique.;
mono-monopoly-city-game;Non possédé;Monopoly City (game);Variantes & Règles Spéciales;2010;Monde;Hasbro;images/box_mono-monopoly-city-game.jpg;;;;;Édition Monopoly City (game) éditée par Hasbro.;
mono-monopoly-city-streets;Non possédé;Monopoly City Streets;Variantes & Règles Spéciales;2010;Monde;Hasbro;images/box_mono-monopoly-city-streets.jpg;;;;;Édition Monopoly City Streets éditée par Hasbro.;
mono-monopoly-city-of-lagos-edition;Non possédé;Monopoly City of Lagos Edition;Variantes & Règles Spéciales;2010;Monde;Hasbro;images/box_mono-monopoly-city-of-lagos-edition.jpg;;;;;Édition Monopoly City of Lagos Edition éditée par Hasbro.;
mono-monopoly-cityville-monopoly;Non possédé;Monopoly Cityville Monopoly;Variantes & Règles Spéciales;2010;Monde;Hasbro;images/box_mono-monopoly-cityville-monopoly.jpg;;;;;Édition Monopoly Cityville Monopoly éditée par Hasbro.;
mono-monopoly-classic-edition;Non possédé;Monopoly Classic Edition;Classique & Anniversaire;2010;Monde;Hasbro;images/box_mono-monopoly-classic-edition.jpg;;;;;Édition Monopoly Classic Edition éditée par Hasbro.;
mono-fr-standard;Non possédé;Monopoly Classique Standard (Rues de Paris);Classique & Anniversaire;2008;France;Hasbro;images/mono-fr-standard.jpg;;;;;L'édition de référence avec le plateau français moderne (Belleville à Rue de la Paix) et pions modernes.;
mono-ville-clermont;Non possédé;Monopoly Clermont-Ferrand;Villes & Régions (France);2007;France;Winning Moves;;;;;;Place de Jaude, Cathédrale Notre-Dame-de-l'Assomption en pierre de lave, Puy de Dôme et Michelin.;
mono-monopoly-cleveland-edition;Non possédé;Monopoly Cleveland Edition;Éditions Spéciales & Thématiques;2010;Monde;Hasbro;images/box_mono-monopoly-cleveland-edition.png;;;;;Édition Monopoly Cleveland Edition éditée par Hasbro.;
mono-monopoly-clintonopoly;Non possédé;Monopoly Clintonopoly;Éditions Spéciales & Thématiques;2010;Monde;Hasbro;images/box_mono-monopoly-clintonopoly.jpg;;;;;Édition Monopoly Clintonopoly éditée par Hasbro.;
mono-monopoly-club-wydnham-edition;Non possédé;Monopoly Club Wydnham Edition;Éditions Spéciales & Thématiques;2010;Monde;Hasbro;;;;;;Édition Monopoly Club Wydnham Edition éditée par Hasbro.;
mono-monopoly-club-wyndham-deluxe-edition;Non possédé;Monopoly Club Wyndham Deluxe Edition;Classique & Anniversaire;2010;Monde;Hasbro;images/box_mono-monopoly-club-wyndham-deluxe-edition.png;;;;;Édition Monopoly Club Wyndham Deluxe Edition éditée par Hasbro.;
mono-monopoly-club-wyndham-edition;Non possédé;Monopoly Club Wyndham Edition;Éditions Spéciales & Thématiques;2010;Monde;Hasbro;images/box_mono-monopoly-club-wyndham-edition.png;;;;;Édition Monopoly Club Wyndham Edition éditée par Hasbro.;
mono-monopoly-coca-cola-125th-anniversary-collector-s-e;Non possédé;Monopoly Coca-Cola 125th Anniversary Collector's Edition;Variantes & Règles Spéciales;2010;USA;USAopoly / The Op;images/box_mono-monopoly-coca-cola-125th-anniversary-collector-s-e.jpg;;;;;Édition Monopoly Coca-Cola 125th Anniversary Collector's Edition éditée par USAopoly / The Op.;
mono-monopoly-coca-cola-125th-anniversary-edition;Non possédé;Monopoly Coca-Cola 125th Anniversary Edition;Marques & Sports;2010;Monde;Hasbro;;;;;;Édition Monopoly Coca-Cola 125th Anniversary Edition éditée par Hasbro.;
mono-monopoly-coca-cola-125th-anniversary-edition-1;Non possédé;Monopoly Coca-Cola 125th anniversary Edition;Marques & Sports;2010;Monde;Hasbro;;;;;;Édition Monopoly Coca-Cola 125th anniversary Edition éditée par Hasbro.;
mono-brand-cocacola;Non possédé;Monopoly Coca-Cola Collector's Edition;Marques & Sports;1999;Monde;USAopoly;images/box_mono-brand-cocacola.jpg;;;;;Bouteille galbée contour historique, camion de Noël, ours polaire Coca-Cola et distributeur vintage.;
mono-monopoly-cocktail-opoly;Non possédé;Monopoly Cocktail-opoly;Variantes & Règles Spéciales;2010;Monde;Hasbro;images/box_mono-monopoly-cocktail-opoly.jpg;;;;;Édition Monopoly Cocktail-opoly éditée par Hasbro.;
mono-monopoly-color-set;Non possédé;Monopoly Color Set;Éditions Spéciales & Thématiques;2010;Monde;Hasbro;;;;;;Édition Monopoly Color Set éditée par Hasbro.;
mono-monopoly-colorado-springs-edition;Non possédé;Monopoly Colorado Springs Edition;Éditions Spéciales & Thématiques;2010;Monde;Hasbro;images/box_mono-monopoly-colorado-springs-edition.png;;;;;Édition Monopoly Colorado Springs Edition éditée par Hasbro.;
mono-monopoly-communications-company;Non possédé;Monopoly Communications Company;Éditions Spéciales & Thématiques;2010;Monde;Hasbro;images/box_mono-monopoly-communications-company.png;;;;;Édition Monopoly Communications Company éditée par Hasbro.;
mono-monopoly-competitor-cards;Non possédé;Monopoly Competitor Cards;Éditions Spéciales & Thématiques;2010;Monde;Hasbro;;;;;;Édition Monopoly Competitor Cards éditée par Hasbro.;
mono-monopoly-cornwall-edition;Non possédé;Monopoly Cornwall Edition;Éditions Spéciales & Thématiques;2010;Monde;Hasbro;;;;;;Édition Monopoly Cornwall Edition éditée par Hasbro.;
mono-monopoly-coronation-street-edition;Non possédé;Monopoly Coronation Street Edition;Variantes & Règles Spéciales;2000;Monde;Hasbro;images/box_mono-monopoly-coronation-street-edition.jpg;;;;;Édition Monopoly Coronation Street Edition éditée par Hasbro.;
mono-monopoly-corpus-christi-edition;Non possédé;Monopoly Corpus Christi Edition;Éditions Spéciales & Thématiques;2010;USA;Hasbro;images/box_mono-monopoly-corpus-christi-edition.png;;;;;Édition Monopoly Corpus Christi Edition éditée par Hasbro.;
mono-region-corse;Non possédé;Monopoly Corse;Villes & Régions (France);2004;France;Winning Moves;;;;;;Falaises de Bonifacio, Calanques de Piana, Ajaccio, Bastia, Île Rousse et plages sauvages.;
mono-monopoly-corvette-50th-anniversary-collector-s-edi;Non possédé;Monopoly Corvette 50th Anniversary Collector's Edition;Marques & Sports;2010;Monde;Hasbro;images/box_mono-monopoly-corvette-50th-anniversary-collector-s-edi.jpg;;;;;Édition Monopoly Corvette 50th Anniversary Collector's Edition éditée par Hasbro.;
mono-monopoly-corvette-edition;Non possédé;Monopoly Corvette Edition;Marques & Sports;2010;Monde;Hasbro;images/box_mono-monopoly-corvette-edition.jpg;;;;;Édition Monopoly Corvette Edition éditée par Hasbro.;
mono-sport-fifa-world-cup;Non possédé;Monopoly Coupe du Monde FIFA (World Cup);Marques & Sports;2006;Monde / France;Hasbro;;;;;;Les plus grandes nations du football mondial, stades légendaires et pion Trophée de la Coupe du Monde.;
mono-monopoly-coventry-edition;Non possédé;Monopoly Coventry Edition;Éditions Spéciales & Thématiques;2010;Monde;Hasbro;images/box_mono-monopoly-coventry-edition.jpg;;;;;Édition Monopoly Coventry Edition éditée par Hasbro.;
mono-vg-crash-bandicoot;Non possédé;Monopoly Crash Bandicoot;Jeux Vidéo;2020;Monde;Winning Moves;;;;;;Les Îles Wumpa, la forteresse du Dr. Neo Cortex, pions masque Aku Aku, caisse TNT et fruit Wumpa.;
mono-monopoly-crazy-cash;Non possédé;Monopoly Crazy Cash;Éditions Spéciales & Thématiques;2010;Monde;Hasbro;images/box_mono-monopoly-crazy-cash.jpg;;;;;Édition Monopoly Crazy Cash éditée par Hasbro.;
mono-monopoly-croatian-edition;Non possédé;Monopoly Croatian Edition;Éditions Spéciales & Thématiques;2010;Monde;Hasbro;images/box_mono-monopoly-croatian-edition.jpg;;;;;Édition Monopoly Croatian Edition éditée par Hasbro.;
mono-monopoly-crooked-cash-edition;Non possédé;Monopoly Crooked Cash Edition;Variantes & Règles Spéciales;2010;Monde;Hasbro;images/box_mono-monopoly-crooked-cash-edition.png;;;;;Édition Monopoly Crooked Cash Edition éditée par Hasbro.;
mono-monopoly-curb-your-enthusiasm-edition;Non possédé;Monopoly Curb Your Enthusiasm Edition;Éditions Spéciales & Thématiques;2010;Monde;Hasbro;images/box_mono-monopoly-curb-your-enthusiasm-edition.png;;;;;Édition Monopoly Curb Your Enthusiasm Edition éditée par Hasbro.;
mono-vg-cyberpunk;Non possédé;Monopoly Cyberpunk 2077;Jeux Vidéo;2021;Monde;Winning Moves;;;;;;Explorez Night City, les corporations Arasaka et Militech, Watson et Westbrook avec Johnny Silverhand.;
mono-monopoly-cyclone-opoly;Non possédé;Monopoly Cyclone-opoly;Éditions Spéciales & Thématiques;2010;Monde;Hasbro;images/box_mono-monopoly-cyclone-opoly.jpg;;;;;Édition Monopoly Cyclone-opoly éditée par Hasbro.;
mono-region-cevennes;Non possédé;Monopoly Cévennes;Villes & Régions (France);2015;France;Winning Moves;;;;;;Parc national des Cévennes, Gorges du Tarn, Mont Aigoual, Bambouseraie d'Anduze et châtaigniers.;
mono-monopoly-diy-opoly;Non possédé;Monopoly DIY-opoly;Éditions Spéciales & Thématiques;2010;Monde;Hasbro;images/box_mono-monopoly-diy-opoly.jpg;;;;;Édition Monopoly DIY-opoly éditée par Hasbro.;
mono-monopoly-dale-earnhardt-collector-s-edition;Non possédé;Monopoly Dale Earnhardt Collector's Edition;Éditions Spéciales & Thématiques;2010;Monde;Hasbro;images/box_mono-monopoly-dale-earnhardt-collector-s-edition.jpg;;;;;Édition Monopoly Dale Earnhardt Collector's Edition éditée par Hasbro.;
mono-monopoly-dale-earnhardt-edition;Non possédé;Monopoly Dale Earnhardt Edition;Éditions Spéciales & Thématiques;2010;Monde;Hasbro;;;;;;Édition Monopoly Dale Earnhardt Edition éditée par Hasbro.;
mono-monopoly-dark-blue-color-group-properties;Non possédé;Monopoly Dark Blue Color Group Properties;Éditions Spéciales & Thématiques;2010;Monde;Hasbro;images/box_mono-monopoly-dark-blue-color-group-properties.jpg;;;;;Édition Monopoly Dark Blue Color Group Properties éditée par Hasbro.;
mono-monopoly-dark-purple-color-group-properties;Non possédé;Monopoly Dark Purple Color Group Properties;Éditions Spéciales & Thématiques;2010;Monde;Hasbro;;;;;;Édition Monopoly Dark Purple Color Group Properties éditée par Hasbro.;
mono-music-bowie;Non possédé;Monopoly David Bowie;Musique & Groupes;2021;Monde;Winning Moves;images/mono-music-bowie.webp;;;;;Ziggy Stardust, Aladdin Sane, Heroes, Blackstar, pions éclair emblématique, cravate, chapeau de feutre.;
mono-monopoly-david-bowie-edition;Non possédé;Monopoly David Bowie Edition;Musique & Groupes;2010;Monde;Hasbro;images/box_mono-monopoly-david-bowie-edition.png;;;;;Édition Monopoly David Bowie Edition éditée par Hasbro.;
mono-monopoly-dawgopoly;Non possédé;Monopoly Dawgopoly;Éditions Spéciales & Thématiques;2010;Monde;Hasbro;images/box_mono-monopoly-dawgopoly.jpg;;;;;Édition Monopoly Dawgopoly éditée par Hasbro.;
mono-monopoly-deal;Non possédé;Monopoly Deal;Variantes & Règles Spéciales;2008;Monde;Hasbro;images/box_mono-monopoly-deal.jpg;;;;;Édition Monopoly Deal éditée par Hasbro.;
mono-deal-card;Non possédé;Monopoly Deal (Jeu de Cartes);Variantes & Règles Spéciales;2008;France / Monde;Hasbro;;;;;;Format jeu de cartes rapide (15 min) extrêmement populaire, volez des propriétés et complétez 3 groupes.;
mono-monopoly-deal-card-game;Non possédé;Monopoly Deal Card Game;Variantes & Règles Spéciales;2010;Monde;Hasbro;;;;;;Édition Monopoly Deal Card Game éditée par Hasbro.;
mono-manga-death-note;Non possédé;Monopoly Death Note;Anime & Manga;2019;Monde;Winning Moves;;;;;;La confrontation psychologique culte entre Light Yagami (Kira) et L, pions cahier Death Note, pomme de Ryuk.;
mono-deluxe-1995;Non possédé;Monopoly Deluxe Edition;Classique & Anniversaire;1995;Monde;Parker Brothers;images/box_mono-deluxe-1995.jpg;;;;;Boîte dorée avec plateau feutrine, socles en bois pour maisons et hôtels, billets dorés et carrousel à billets.;
mono-monopoly-deluxe-edition-german;Non possédé;Monopoly Deluxe Edition (German);Classique & Anniversaire;2010;Allemagne;Hasbro;images/box_mono-monopoly-deluxe-edition-german.jpg;;;;;Édition Monopoly Deluxe Edition (German) éditée par Hasbro.;
mono-monopoly-deluxe-monopoly;Non possédé;Monopoly Deluxe Monopoly;Classique & Anniversaire;2010;Monde;Hasbro;;;;;;Édition Monopoly Deluxe Monopoly éditée par Hasbro.;
mono-monopoly-deluxe-monopoly-franklin-mint;Non possédé;Monopoly Deluxe Monopoly (Franklin Mint);Classique & Anniversaire;2010;Monde;Franklin Mint;images/box_mono-monopoly-deluxe-monopoly-franklin-mint.jpg;;;;;Édition Monopoly Deluxe Monopoly (Franklin Mint) éditée par Franklin Mint.;
mono-monopoly-deluxe-in-brown-wooden-case;Non possédé;Monopoly Deluxe in brown wooden case;Classique & Anniversaire;2010;Monde;Hasbro;;;;;;Édition Monopoly Deluxe in brown wooden case éditée par Hasbro.;
mono-monopoly-demon-slayer-edition;Non possédé;Monopoly Demon Slayer Edition;Anime & Manga;2010;Monde;Hasbro;images/box_mono-monopoly-demon-slayer-edition.jpg;;;;;Édition Monopoly Demon Slayer Edition éditée par Hasbro.;
mono-monopoly-denton-edition;Non possédé;Monopoly Denton Edition;Éditions Spéciales & Thématiques;2010;Monde;Hasbro;images/box_mono-monopoly-denton-edition.png;;;;;Édition Monopoly Denton Edition éditée par Hasbro.;
mono-monopoly-des-moines-edition;Non possédé;Monopoly Des Moines Edition;Éditions Spéciales & Thématiques;2010;Monde;Hasbro;images/box_mono-monopoly-des-moines-edition.png;;;;;Édition Monopoly Des Moines Edition éditée par Hasbro.;
mono-monopoly-despicable-me-edition;Non possédé;Monopoly Despicable Me Edition;Éditions Spéciales & Thématiques;2010;Monde;Hasbro;images/box_mono-monopoly-despicable-me-edition.jpg;;;;;Édition Monopoly Despicable Me Edition éditée par Hasbro.;
mono-monopoly-detroit-edition;Non possédé;Monopoly Detroit Edition;Éditions Spéciales & Thématiques;2010;Monde;Hasbro;images/box_mono-monopoly-detroit-edition.png;;;;;Édition Monopoly Detroit Edition éditée par Hasbro.;
mono-monopoly-diamond-hills;Non possédé;Monopoly Diamond Hills;Éditions Spéciales & Thématiques;2010;Monde;Hasbro;images/box_mono-monopoly-diamond-hills.jpg;;;;;Édition Monopoly Diamond Hills éditée par Hasbro.;
mono-monopoly-diced;Non possédé;Monopoly Diced!;Éditions Spéciales & Thématiques;2010;Monde;Hasbro;;;;;;Édition Monopoly Diced! éditée par Hasbro.;
mono-monopoly-die;Non possédé;Monopoly Die;Éditions Spéciales & Thématiques;2010;Monde;Hasbro;;;;;;Édition Monopoly Die éditée par Hasbro.;
mono-ville-dijon;Non possédé;Monopoly Dijon;Villes & Régions (France);2006;France;Winning Moves;;;;;;Palais des Ducs de Bourgogne, Tour Philippe le Bon, Rue des Forges, chouette de Notre-Dame et moutarde.;
mono-monopoly-dino-opoly;Non possédé;Monopoly Dino-opoly;Variantes & Règles Spéciales;2004;Monde;Hasbro;images/box_mono-monopoly-dino-opoly.jpg;;;;;Édition Monopoly Dino-opoly éditée par Hasbro.;
mono-monopoly-dinosaur-edition;Non possédé;Monopoly Dinosaur Edition;Variantes & Règles Spéciales;2010;USA;USAopoly / The Op;images/box_mono-monopoly-dinosaur-edition.jpg;;;;;Édition Monopoly Dinosaur Edition éditée par USAopoly / The Op.;
mono-monopoly-discotheken-edition;Non possédé;Monopoly Discotheken Edition;Éditions Spéciales & Thématiques;2010;Monde;Hasbro;images/box_mono-monopoly-discotheken-edition.png;;;;;Édition Monopoly Discotheken Edition éditée par Hasbro.;
mono-monopoly-discover-edition;Non possédé;Monopoly Discover Edition;Éditions Spéciales & Thématiques;2010;Monde;Hasbro;images/box_mono-monopoly-discover-edition.png;;;;;Édition Monopoly Discover Edition éditée par Hasbro.;
mono-monopoly-disney-channel-junior-edition;Non possédé;Monopoly Disney Channel Junior Edition;Junior & Enfants;2010;Monde;Hasbro;images/box_mono-monopoly-disney-channel-junior-edition.jpg;;;;;Édition Monopoly Disney Channel Junior Edition éditée par Hasbro.;
mono-pop-disney-classics;Non possédé;Monopoly Disney Classics;Films & Séries;2002;Monde / France;Hasbro;;;;;;Tous les grands classiques Disney de Blanche-Neige au Roi Lion avec pions sculptés dorés des héros féeriques.;
mono-monopoly-disney-edition;Non possédé;Monopoly Disney Edition;Variantes & Règles Spéciales;2001;Monde;Hasbro;images/box_mono-monopoly-disney-edition.jpg;;;;;Édition Monopoly Disney Edition éditée par Hasbro.;
mono-monopoly-disney-pixar-cars-2-edition;Non possédé;Monopoly Disney Pixar Cars 2 Edition;Films & Séries;2010;Monde;Hasbro;images/box_mono-monopoly-disney-pixar-cars-2-edition.jpg;;;;;Édition Monopoly Disney Pixar Cars 2 Edition éditée par Hasbro.;
mono-monopoly-disney-pixar-edition;Non possédé;Monopoly Disney Pixar Edition;Variantes & Règles Spéciales;2005;Monde;Hasbro;images/box_mono-monopoly-disney-pixar-edition.jpg;;;;;Édition Monopoly Disney Pixar Edition éditée par Hasbro.;
mono-monopoly-disney-princess-junior-edition;Non possédé;Monopoly Disney Princess Junior Edition;Junior & Enfants;2010;Monde;Hasbro;images/box_mono-monopoly-disney-princess-junior-edition.jpg;;;;;Édition Monopoly Disney Princess Junior Edition éditée par Hasbro.;
mono-pop-disney-villains;Non possédé;Monopoly Disney Villains (Les Méchants);Films & Séries;2020;Monde / France;Hasbro;images/mono-pop-disney-villains.jpg;;;;;Incarnez Maléfique, Ursula, Scar, Jafar, Capitaine Crochet ou Cruella d'Enfer avec leurs cartes Pouvoir.;
mono-monopoly-disney-villains-collector-s-edition;Non possédé;Monopoly Disney Villains Collector's Edition;Films & Séries;2010;Monde;Hasbro;images/box_mono-monopoly-disney-villains-collector-s-edition.jpg;;;;;Édition Monopoly Disney Villains Collector's Edition éditée par Hasbro.;
mono-monopoly-district;Non possédé;Monopoly District;Éditions Spéciales & Thématiques;2010;Monde;Hasbro;images/box_mono-monopoly-district.png;;;;;Édition Monopoly District éditée par Hasbro.;
mono-pop-doctor-who;Non possédé;Monopoly Doctor Who (50th Anniversary);Films & Séries;2013;Royaume-Uni / Monde;Winning Moves;images/mono-pop-doctor-who.jpg;;;;;Voyagez à travers l'espace et le temps avec le TARDIS, le Tournevis sonique, les Daleks et les Cybermen.;
mono-monopoly-doctor-who-50th-anniversary-collector-s-e;Non possédé;Monopoly Doctor Who 50th Anniversary Collector's Edition;Variantes & Règles Spéciales;2013;USA;Winning Moves;images/box_mono-monopoly-doctor-who-50th-anniversary-collector-s-e.jpg;;;;;Édition Monopoly Doctor Who 50th Anniversary Collector's Edition éditée par Winning Moves.;
mono-monopoly-doctor-who-50th-anniversary-edition;Non possédé;Monopoly Doctor Who 50th Anniversary Edition;Films & Séries;2010;Monde;Hasbro;;;;;;Édition Monopoly Doctor Who 50th Anniversary Edition éditée par Hasbro.;
mono-monopoly-doctor-who-edition;Non possédé;Monopoly Doctor Who Edition;Variantes & Règles Spéciales;2011;Royaume-Uni;Winning Moves;images/box_mono-monopoly-doctor-who-edition.jpg;;;;;Édition Monopoly Doctor Who Edition éditée par Winning Moves.;
mono-monopoly-dog-lover-s-edition;Non possédé;Monopoly Dog Lover's Edition;Éditions Spéciales & Thématiques;2010;Monde;Hasbro;;;;;;Édition Monopoly Dog Lover's Edition éditée par Hasbro.;
mono-monopoly-dog-lovers-edition;Non possédé;Monopoly Dog Lovers Edition;Éditions Spéciales & Thématiques;2005;Monde;Hasbro;images/box_mono-monopoly-dog-lovers-edition.jpg;;;;;Édition Monopoly Dog Lovers Edition éditée par Hasbro.;
mono-monopoly-dog-man-edition;Non possédé;Monopoly Dog Man Edition;Éditions Spéciales & Thématiques;2010;Monde;Hasbro;images/box_mono-monopoly-dog-man-edition.png;;;;;Édition Monopoly Dog Man Edition éditée par Hasbro.;
mono-monopoly-dog-opoly;Non possédé;Monopoly Dog-opoly;Éditions Spéciales & Thématiques;2010;Monde;Hasbro;images/box_mono-monopoly-dog-opoly.jpg;;;;;Édition Monopoly Dog-opoly éditée par Hasbro.;
mono-monopoly-dollar;Non possédé;Monopoly Dollar;Éditions Spéciales & Thématiques;2010;Monde;Hasbro;;;;;;Édition Monopoly Dollar éditée par Hasbro.;
mono-monopoly-dominicanopoly;Non possédé;Monopoly Dominicanopoly;Éditions Spéciales & Thématiques;2010;Monde;Hasbro;images/box_mono-monopoly-dominicanopoly.jpg;;;;;Édition Monopoly Dominicanopoly éditée par Hasbro.;
mono-monopoly-don-t-go-to-jail;Non possédé;Monopoly Don't Go To Jail;Variantes & Règles Spéciales;2010;Monde;Hasbro;images/box_mono-monopoly-don-t-go-to-jail.jpg;;;;;Édition Monopoly Don't Go To Jail éditée par Hasbro.;
mono-region-dordogne;Non possédé;Monopoly Dordogne - Périgord;Villes & Régions (France);2010;France;Winning Moves;;;;;;Grotte de Lascaux, Sarlat-la-Canéda, châteaux de Castelnaud et Beynac, truffes et foie gras du Périgord.;
mono-manga-db-super;Non possédé;Monopoly Dragon Ball Super;Anime & Manga;2019;Monde / France;Winning Moves;;;;;;Tournoi du Pouvoir, Dieux de la Destruction, Beerus, Whis, Goku Ultra Instinct et Jiren.;
mono-manga-dbz;Non possédé;Monopoly Dragon Ball Z;Anime & Manga;2018;Monde / France;USAopoly / Winning Moves;images/mono-manga-dbz.jpg;;;;;Recrutez des guerriers Z (Goku, Vegeta, Piccolo, Gohan) et affrontez Freezer, Cell et Buu avec 7 Dragon Balls.;
mono-monopoly-dreams;Non possédé;Monopoly Dreams;Éditions Spéciales & Thématiques;2010;Monde;Hasbro;images/box_mono-monopoly-dreams.jpg;;;;;Édition Monopoly Dreams éditée par Hasbro.;
mono-city-dubai;Non possédé;Monopoly Dubai;Villes & Pays (Monde);2019;Émirats Arabes Unis;Winning Moves;;;;;;Burj Khalifa, Burj Al Arab, Palm Jumeirah, Dubai Mall, Dubai Frame et souks de l'or.;
mono-monopoly-duckopoly;Non possédé;Monopoly Duckopoly;Éditions Spéciales & Thématiques;2010;Monde;Hasbro;images/box_mono-monopoly-duckopoly.jpg;;;;;Édition Monopoly Duckopoly éditée par Hasbro.;
mono-monopoly-duel-masters-edition;Non possédé;Monopoly Duel Masters Edition;Éditions Spéciales & Thématiques;2010;Monde;Hasbro;images/box_mono-monopoly-duel-masters-edition.jpg;;;;;Édition Monopoly Duel Masters Edition éditée par Hasbro.;
mono-monopoly-dukeoploy;Non possédé;Monopoly Dukeoploy;Éditions Spéciales & Thématiques;2010;Royaume-Uni;Hasbro;;;;;;Édition Monopoly Dukeoploy éditée par Hasbro.;
mono-monopoly-dukeopoly;Non possédé;Monopoly Dukeopoly;Éditions Spéciales & Thématiques;2010;Royaume-Uni;Hasbro;images/box_mono-monopoly-dukeopoly.jpg;;;;;Édition Monopoly Dukeopoly éditée par Hasbro.;
mono-monopoly-dungeons-dragons-edition;Non possédé;Monopoly Dungeons & Dragons Edition;Jeux Vidéo;2010;Monde;Hasbro;images/box_mono-monopoly-dungeons-dragons-edition.png;;;;;Édition Monopoly Dungeons & Dragons Edition éditée par Hasbro.;
mono-monopoly-dungeons-dragons-honor-among-thieves-edit;Non possédé;Monopoly Dungeons & Dragons: Honor Among Thieves Edition;Jeux Vidéo;2010;Monde;Hasbro;images/box_mono-monopoly-dungeons-dragons-honor-among-thieves-edit.png;;;;;Édition Monopoly Dungeons & Dragons: Honor Among Thieves Edition éditée par Hasbro.;
mono-monopoly-d-sseldorf-edition;Non possédé;Monopoly Düsseldorf Edition;Éditions Spéciales & Thématiques;2010;Monde;Hasbro;images/box_mono-monopoly-d-sseldorf-edition.png;;;;;Édition Monopoly Düsseldorf Edition éditée par Hasbro.;
mono-monopoly-ems-edition;Non possédé;Monopoly EMS Edition;Éditions Spéciales & Thématiques;2010;Monde;Hasbro;images/box_mono-monopoly-ems-edition.jpg;;;;;Édition Monopoly EMS Edition éditée par Hasbro.;
mono-monopoly-espn-ultimate-sports-fan-edition;Non possédé;Monopoly ESPN Ultimate Sports Fan Edition;Éditions Spéciales & Thématiques;2010;Monde;Hasbro;images/box_mono-monopoly-espn-ultimate-sports-fan-edition.jpg;;;;;Édition Monopoly ESPN Ultimate Sports Fan Edition éditée par Hasbro.;
mono-monopoly-earthopoly;Non possédé;Monopoly Earthopoly;Éditions Spéciales & Thématiques;2010;Monde;Hasbro;images/box_mono-monopoly-earthopoly.jpg;;;;;Édition Monopoly Earthopoly éditée par Hasbro.;
mono-monopoly-earthopoly-team-power-smart-edition;Non possédé;Monopoly Earthopoly: Team Power Smart Edition;Éditions Spéciales & Thématiques;2010;Monde;Hasbro;;;;;;Édition Monopoly Earthopoly: Team Power Smart Edition éditée par Hasbro.;
mono-monopoly-earthopoly-team-power-smart-edition-bc-hy;Non possédé;Monopoly Earthopoly: Team Power Smart Edition (BC Hydro Opoly);Éditions Spéciales & Thématiques;2010;Monde;Hasbro;images/box_mono-monopoly-earthopoly-team-power-smart-edition-bc-hy.jpg;;;;;Édition Monopoly Earthopoly: Team Power Smart Edition (BC Hydro Opoly) éditée par Hasbro.;
mono-monopoly-east-bank;Non possédé;Monopoly East Bank;Éditions Spéciales & Thématiques;2010;Monde;Hasbro;images/box_mono-monopoly-east-bank.jpg;;;;;Édition Monopoly East Bank éditée par Hasbro.;
mono-monopoly-easy-money;Non possédé;Monopoly Easy Money;Éditions Spéciales & Thématiques;2010;Monde;Hasbro;images/box_mono-monopoly-easy-money.jpg;;;;;Édition Monopoly Easy Money éditée par Hasbro.;
mono-monopoly-edici-n-en-espa-ol;Non possédé;Monopoly Edición en Español;Éditions Spéciales & Thématiques;2010;Monde;Hasbro;;;;;;Édition Monopoly Edición en Español éditée par Hasbro.;
mono-monopoly-edinburgh-edition;Non possédé;Monopoly Edinburgh Edition;Variantes & Règles Spéciales;1998;Royaume-Uni;Winning Moves;images/box_mono-monopoly-edinburgh-edition.jpg;;;;;Édition Monopoly Edinburgh Edition éditée par Winning Moves.;
mono-monopoly-efteling-edition;Non possédé;Monopoly Efteling Edition;Éditions Spéciales & Thématiques;2010;Monde;Hasbro;images/box_mono-monopoly-efteling-edition.jpg;;;;;Édition Monopoly Efteling Edition éditée par Hasbro.;
mono-monopoly-eindhoven-edition;Non possédé;Monopoly Eindhoven Edition;Éditions Spéciales & Thématiques;2010;Monde;Hasbro;images/box_mono-monopoly-eindhoven-edition.png;;;;;Édition Monopoly Eindhoven Edition éditée par Hasbro.;
mono-monopoly-electronic-banking-edition;Non possédé;Monopoly Electronic Banking Edition;Variantes & Règles Spéciales;2006;Monde;Hasbro;images/box_mono-monopoly-electronic-banking-edition.jpg;;;;;Édition Monopoly Electronic Banking Edition éditée par Hasbro.;
mono-monopoly-elton-john-edition;Non possédé;Monopoly Elton John Edition;Éditions Spéciales & Thématiques;2010;Monde;Hasbro;images/box_mono-monopoly-elton-john-edition.png;;;;;Édition Monopoly Elton John Edition éditée par Hasbro.;
mono-monopoly-elvis-25th-anniversary-collector-s-editio;Non possédé;Monopoly Elvis 25th Anniversary Collector's Edition;Variantes & Règles Spéciales;2003;USA;USAopoly / The Op;images/box_mono-monopoly-elvis-25th-anniversary-collector-s-editio.jpg;;;;;Édition Monopoly Elvis 25th Anniversary Collector's Edition éditée par USAopoly / The Op.;
mono-monopoly-elvis-collector-s-edition;Non possédé;Monopoly Elvis Collector's Edition;Musique & Groupes;2010;Monde;Hasbro;;;;;;Édition Monopoly Elvis Collector's Edition éditée par Hasbro.;
mono-monopoly-elvis-collector-s-edition-1;Non possédé;Monopoly Elvis Collector's edition;Variantes & Règles Spéciales;2010;Monde;Hasbro;images/box_mono-monopoly-elvis-collector-s-edition-1.jpg;;;;;Édition Monopoly Elvis Collector's edition éditée par Hasbro.;
mono-monopoly-elvis-opoly;Non possédé;Monopoly Elvis-opoly;Musique & Groupes;2010;Monde;Hasbro;images/box_mono-monopoly-elvis-opoly.jpg;;;;;Édition Monopoly Elvis-opoly éditée par Hasbro.;
mono-empire;Non possédé;Monopoly Empire;Variantes & Règles Spéciales;2013;France / Monde;Hasbro;images/box_mono-empire.jpg;;;;;Achetez de grandes marques mondiales (Coca-Cola, Xbox, McDonald's) et empilez leurs panneaux dans votre gratte-ciel.;
mono-monopoly-empire-cards;Non possédé;Monopoly Empire Cards;Variantes & Règles Spéciales;2010;Monde;Hasbro;;;;;;Édition Monopoly Empire Cards éditée par Hasbro.;
mono-monopoly-english-heritage-edition;Non possédé;Monopoly English Heritage Edition;Variantes & Règles Spéciales;2013;Royaume-Uni;Hasbro;images/box_mono-monopoly-english-heritage-edition.jpg;;;;;Édition Monopoly English Heritage Edition éditée par Hasbro.;
mono-monopoly-english-heritage-monopoly;Non possédé;Monopoly English Heritage Monopoly;Classique & Anniversaire;2010;Monde;Hasbro;;;;;;Édition Monopoly English Heritage Monopoly éditée par Hasbro.;
mono-monopoly-epic-myths;Non possédé;Monopoly Epic Myths;Éditions Spéciales & Thématiques;2010;Monde;Hasbro;;;;;;Édition Monopoly Epic Myths éditée par Hasbro.;
mono-monopoly-episcopoly;Non possédé;Monopoly Episcopoly;Éditions Spéciales & Thématiques;2010;Monde;Hasbro;images/box_mono-monopoly-episcopoly.jpg;;;;;Édition Monopoly Episcopoly éditée par Hasbro.;
mono-monopoly-erfurt-edition-1;Non possédé;Monopoly Erfurt Edition;Éditions Spéciales & Thématiques;2010;Monde;Hasbro;images/box_mono-monopoly-erfurt-edition-1.png;;;;;Édition Monopoly Erfurt Edition éditée par Hasbro.;
mono-monopoly-erfurt-edition;Non possédé;Monopoly Erfurt-Edition;Éditions Spéciales & Thématiques;2010;Monde;Hasbro;;;;;;Édition Monopoly Erfurt-Edition éditée par Hasbro.;
mono-monopoly-europa-edition;Non possédé;Monopoly Europa Edition;Éditions Spéciales & Thématiques;2010;Monde;Hasbro;images/box_mono-monopoly-europa-edition.jpg;;;;;Édition Monopoly Europa Edition éditée par Hasbro.;
mono-monopoly-everton-edition;Non possédé;Monopoly Everton Edition;Éditions Spéciales & Thématiques;2010;Monde;Hasbro;images/box_mono-monopoly-everton-edition.jpg;;;;;Édition Monopoly Everton Edition éditée par Hasbro.;
mono-monopoly-everton-f-c-edition;Non possédé;Monopoly Everton F.C Edition;Éditions Spéciales & Thématiques;2010;Monde;Hasbro;;;;;;Édition Monopoly Everton F.C Edition éditée par Hasbro.;
mono-monopoly-expansion;Non possédé;Monopoly Expansion;Éditions Spéciales & Thématiques;2010;Monde;Hasbro;images/box_mono-monopoly-expansion.png;;;;;Édition Monopoly Expansion éditée par Hasbro.;
mono-monopoly-express-monopoly-card-game;Non possédé;Monopoly Express Monopoly (Card Game);Variantes & Règles Spéciales;2010;Monde;Hasbro;images/box_mono-monopoly-express-monopoly-card-game.jpg;;;;;Édition Monopoly Express Monopoly (Card Game) éditée par Hasbro.;
mono-monopoly-f-c-bayren-m-nchen-edition;Non possédé;Monopoly F.C. Bayren München Edition;Éditions Spéciales & Thématiques;2010;Monde;Hasbro;;;;;;Édition Monopoly F.C. Bayren München Edition éditée par Hasbro.;
mono-monopoly-f-s-u-opoly;Non possédé;Monopoly F.S.U.-opoly;Éditions Spéciales & Thématiques;2010;Monde;Hasbro;images/box_mono-monopoly-f-s-u-opoly.jpg;;;;;Édition Monopoly F.S.U.-opoly éditée par Hasbro.;
mono-monopoly-f-s-u-opoly-1;Non possédé;Monopoly F.S.U.opoly;Éditions Spéciales & Thématiques;2010;Monde;Hasbro;;;;;;Édition Monopoly F.S.U.opoly éditée par Hasbro.;
mono-monopoly-f1-edition;Non possédé;Monopoly F1 Edition;Éditions Spéciales & Thématiques;2010;Monde;Hasbro;images/box_mono-monopoly-f1-edition.png;;;;;Édition Monopoly F1 Edition éditée par Hasbro.;
mono-club-barca;Non possédé;Monopoly FC Barcelona;Marques & Sports;2016;Espagne / International;Eleven Force;;;;;;Camp Nou, La Masia, musée du club « Més que un club », maillots blaugrana et trophées historiques.;
mono-monopoly-fc-bayern-m-nchen;Non possédé;Monopoly FC Bayern München;Marques & Sports;2010;Monde;Hasbro;;;;;;Édition Monopoly FC Bayern München éditée par Hasbro.;
mono-monopoly-fc-bayern-m-nchen-edition;Non possédé;Monopoly FC Bayern München Edition;Marques & Sports;2010;Monde;Hasbro;images/box_mono-monopoly-fc-bayern-m-nchen-edition.png;;;;;Édition Monopoly FC Bayern München Edition éditée par Hasbro.;
mono-monopoly-fc-bayren-m-nchen-edition;Non possédé;Monopoly FC Bayren München Edition;Éditions Spéciales & Thématiques;2010;Monde;Hasbro;;;;;;Édition Monopoly FC Bayren München Edition éditée par Hasbro.;
mono-monopoly-fifa-world-cup-2006-germany;Non possédé;Monopoly FIFA World Cup 2006 Germany;Marques & Sports;2006;Allemagne;Hasbro;;;;;;Édition Monopoly FIFA World Cup 2006 Germany éditée par Hasbro.;
mono-monopoly-fifa-world-cup-2006-germany-edition;Non possédé;Monopoly FIFA World Cup 2006 Germany Edition;Marques & Sports;2006;Allemagne;Hasbro;;;;;;Édition Monopoly FIFA World Cup 2006 Germany Edition éditée par Hasbro.;
mono-vg-fallout;Non possédé;Monopoly Fallout Collector's Edition;Jeux Vidéo;2015;Monde / France;USAopoly;images/mono-vg-fallout.webp;;;;;Terres désolées du Wasteland : payez en capsules Nuka-Cola, pions Vault Boy, casque Power Armor, Mini Nuke.;
mono-monopoly-family-game-night-championship-edition;Non possédé;Monopoly Family Game Night Championship Edition;Classique & Anniversaire;2009;USA;Hasbro;images/box_mono-monopoly-family-game-night-championship-edition.jpg;;;;;Édition Monopoly Family Game Night Championship Edition éditée par Hasbro.;
mono-monopoly-family-guy-collector-s-edition;Non possédé;Monopoly Family Guy Collector's Edition;Films & Séries;2010;Monde;Hasbro;images/box_mono-monopoly-family-guy-collector-s-edition.jpg;;;;;Édition Monopoly Family Guy Collector's Edition éditée par Hasbro.;
mono-monopoly-family-guy-edition-2024;Non possédé;Monopoly Family Guy Edition (2024);Films & Séries;2024;Monde;Hasbro;images/box_mono-monopoly-family-guy-edition-2024.png;;;;;Édition Monopoly Family Guy Edition (2024) éditée par Hasbro.;
mono-monopoly-fantastic-four-collector-s-edition;Non possédé;Monopoly Fantastic Four Collector's Edition;Éditions Spéciales & Thématiques;2010;Monde;Hasbro;images/box_mono-monopoly-fantastic-four-collector-s-edition.jpg;;;;;Édition Monopoly Fantastic Four Collector's Edition éditée par Hasbro.;
mono-pop-fast-and-furious;Non possédé;Monopoly Fast & Furious;Films & Séries;2023;Monde / France;Winning Moves;;;;;;Les courses de rue et les braquages de la famille de Dom Toretto avec la mythique Dodge Charger R/T 1970.;
mono-crooked;Non possédé;Monopoly Faux Billets (Crooked Cash);Variantes & Règles Spéciales;2021;France / Monde;Hasbro;images/mono-crooked.webp;;;;;Utilisez le décodeur de Mr. Monopoly pour démasquer les faux billets et les fausses cartes Chance.;
mono-brand-ferrari;Non possédé;Monopoly Ferrari Collector's Edition;Marques & Sports;2006;Monde;Winning Moves;;;;;;Achetez les modèles mythiques de Maranello (250 GTO, F40, Enzo, Formule 1 de Michael Schumacher).;
mono-monopoly-fictional-monopoly-editions;Non possédé;Monopoly Fictional Monopoly Editions;Éditions Spéciales & Thématiques;2010;Monde;Hasbro;images/box_mono-monopoly-fictional-monopoly-editions.png;;;;;Édition Monopoly Fictional Monopoly Editions éditée par Hasbro.;
mono-monopoly-fiesa-property;Non possédé;Monopoly Fiesa (Property);Éditions Spéciales & Thématiques;2010;Monde;Hasbro;images/box_mono-monopoly-fiesa-property.png;;;;;Édition Monopoly Fiesa (Property) éditée par Hasbro.;
mono-monopoly-firefighters-edition;Non possédé;Monopoly Firefighters Edition;Variantes & Règles Spéciales;2009;USA;USAopoly / The Op;images/box_mono-monopoly-firefighters-edition.jpg;;;;;Édition Monopoly Firefighters Edition éditée par USAopoly / The Op.;
mono-monopoly-five-nights-at-freddy-s-edition;Non possédé;Monopoly Five Nights at Freddy's Edition;Éditions Spéciales & Thématiques;2010;Monde;Hasbro;images/box_mono-monopoly-five-nights-at-freddy-s-edition.png;;;;;Édition Monopoly Five Nights at Freddy's Edition éditée par Hasbro.;
mono-monopoly-flagstaff-edition;Non possédé;Monopoly Flagstaff Edition;Éditions Spéciales & Thématiques;2010;Monde;Hasbro;images/box_mono-monopoly-flagstaff-edition.png;;;;;Édition Monopoly Flagstaff Edition éditée par Hasbro.;
mono-monopoly-flavortown-edition;Non possédé;Monopoly Flavortown Edition;Éditions Spéciales & Thématiques;2010;Monde;Hasbro;images/box_mono-monopoly-flavortown-edition.png;;;;;Édition Monopoly Flavortown Edition éditée par Hasbro.;
mono-monopoly-ford-100th-anniversary-collector-s-editio;Non possédé;Monopoly Ford 100th Anniversary Collector's Edition;Marques & Sports;2010;Monde;Hasbro;;;;;;Édition Monopoly Ford 100th Anniversary Collector's Edition éditée par Hasbro.;
mono-monopoly-ford-100th-anniversary-edition;Non possédé;Monopoly Ford 100th Anniversary Edition;Variantes & Règles Spéciales;2003;USA;USAopoly / The Op;images/box_mono-monopoly-ford-100th-anniversary-edition.jpg;;;;;Édition Monopoly Ford 100th Anniversary Edition éditée par USAopoly / The Op.;
mono-monopoly-ford-mustang-40th-anniversary-collector-s;Non possédé;Monopoly Ford Mustang 40th Anniversary Collector's Edition;Variantes & Règles Spéciales;2004;USA;USAopoly / The Op;images/box_mono-monopoly-ford-mustang-40th-anniversary-collector-s.jpg;;;;;Édition Monopoly Ford Mustang 40th Anniversary Collector's Edition éditée par USAopoly / The Op.;
mono-monopoly-ford-thunderbird-50th-anniversary-edition;Non possédé;Monopoly Ford Thunderbird 50th Anniversary Edition;Variantes & Règles Spéciales;2005;USA;USAopoly / The Op;images/box_mono-monopoly-ford-thunderbird-50th-anniversary-edition.jpg;;;;;Édition Monopoly Ford Thunderbird 50th Anniversary Edition éditée par USAopoly / The Op.;
mono-monopoly-formula-one-2009-edition;Non possédé;Monopoly Formula One 2009 Edition;Éditions Spéciales & Thématiques;2009;Monde;Hasbro;images/box_mono-monopoly-formula-one-2009-edition.jpg;;;;;Édition Monopoly Formula One 2009 Edition éditée par Hasbro.;
mono-monopoly-formula-one-yolanda-lee-edition;Non possédé;Monopoly Formula One Yolanda Lee Edition;Variantes & Règles Spéciales;2010;Monde;Hasbro;images/box_mono-monopoly-formula-one-yolanda-lee-edition.png;;;;;Édition Monopoly Formula One Yolanda Lee Edition éditée par Hasbro.;
mono-monopoly-fort-lauderdale-edition;Non possédé;Monopoly Fort Lauderdale Edition;Éditions Spéciales & Thématiques;2010;Monde;Hasbro;images/box_mono-monopoly-fort-lauderdale-edition.png;;;;;Édition Monopoly Fort Lauderdale Edition éditée par Hasbro.;
mono-vg-fortnite;Possédé;Monopoly Fortnite (Hasbro Gaming);Jeux Vidéo;2018;France;Hasbro Gaming / Epic Games;images/box_mono-fortnite.jpg;Très bon état;;;Collection personnelle;Édition crossover avec le phénomène Fortnite d'Epic Games. Au lieu de l'argent, les joueurs accumulent des Points de Vie (PV), évitent la Tempête et s'affrontent avec 27 personnages emblématiques.;Réf E6603 / 0519E6603447. Version française complète avec 27 tenues et dé d action.
mono-monopoly-fortuna-d-sseldorf-edition;Non possédé;Monopoly Fortuna Düsseldorf Edition;Éditions Spéciales & Thématiques;2010;Monde;Hasbro;images/box_mono-monopoly-fortuna-d-sseldorf-edition.png;;;;;Édition Monopoly Fortuna Düsseldorf Edition éditée par Hasbro.;
mono-monopoly-fortune-valley;Non possédé;Monopoly Fortune Valley;Éditions Spéciales & Thématiques;2010;Monde;Hasbro;images/box_mono-monopoly-fortune-valley.jpg;;;;;Édition Monopoly Fortune Valley éditée par Hasbro.;
mono-monopoly-fourth-wing-edition;Non possédé;Monopoly Fourth Wing Edition;Éditions Spéciales & Thématiques;2010;Monde;Hasbro;images/box_mono-monopoly-fourth-wing-edition.jpg;;;;;Édition Monopoly Fourth Wing Edition éditée par Hasbro.;
mono-monopoly-fox-sports-com;Non possédé;Monopoly Fox Sports.com;Éditions Spéciales & Thématiques;2010;Monde;Hasbro;;;;;;Édition Monopoly Fox Sports.com éditée par Hasbro.;
mono-fr-1961-blanche;Non possédé;Monopoly France 1961 (Boîte Blanche Historique);Classique & Anniversaire;1961;France;Miro Company;;;;;;La célèbre boîte blanche Miro Company des années 60 avec plateau plié en deux, billets de 100 à 100 000 Francs et maisons en bois.;
mono-fr-1973-rouge;Non possédé;Monopoly France 1973 (Boîte Rouge Vintage);Classique & Anniversaire;1973;France;Parker Brothers;;;;;;L'édition culte des années 70 avec la grande boîte rouge, les illustrations pop et les célèbres pions métal (chapeau, dé à coudre, fer à repasser, chaussure, canon, chien terrier).;
mono-fr-1992-standard;Possédé;Monopoly France 1992 (Parker / Tonka - Rues de Paris);Classique & Standard;1992;France;Parker / Tonka;images/box_mono-fr-1992-standard.jpg;Très bon état;;;Collection personnelle;Édition classique incontournable des années 1990 en Francs français (20 000 Francs au départ), distribuée par Kenner Parker France / Tonka Corporation avec boîte longue rectangulaire et photo de famille au dos.;Réf Parker 0695101, Code-barres 3010005600027. Boîte vintage Tonka 1992 en Francs.
mono-fr-1993-standard;Non possédé;Monopoly France 1993 (Boîte Rouge Rues de Paris);Classique & Anniversaire;1993;France;Parker Brothers / Hasbro;;;;;;L'édition référence des années 90 en Francs français avec thermoformage plastique noir et graphisme modernisé.;
mono-fr-2001-euro;Non possédé;Monopoly France 2001 (Passage à l'Euro);Classique & Anniversaire;2001;France;Parker / Hasbro;;;;;;Édition spéciale éditée lors du passage historique du franc français à la monnaie unique européenne (€).;
mono-fr-2013-chat;Non possédé;Monopoly France 2013 (Nouveau Pion Chat);Classique & Anniversaire;2013;France;Hasbro;;;;;;Édition accueillant le nouveau pion Chat pour remplacer le fer à repasser suite à la première grande campagne de vote mondial.;
mono-fr-2017-trex;Possédé;Monopoly France 2017 (Nouveaux Pions T-Rex & Canard);Classique & Standard;2017;France;Hasbro Gaming;images/box_mono-fr-2017-trex.jpg;Très bon état;;;Collection personnelle;Édition classique avec les Rues de Paris, introduisant les nouveaux pions choisis par le vote mondial : T-Rex, Canard en plastique et Pingouin (remplaçant le Dé à coudre, la Brouette et la Botte).;Réf Hasbro C1009 / 0417C1009101. Pions T-Rex, Canard et Pingouin inclus.
mono-monopoly-france-edition;Non possédé;Monopoly France Edition;Villes & Régions (France);2010;France;Hasbro;images/box_mono-monopoly-france-edition.jpg;;;;;Édition Monopoly France Edition éditée par Hasbro.;
mono-fr-1937;Possédé;Monopoly France Édition Originale 1937 (Miro Company);Historique & Vintage;1937;France;Miro Company / Parker Brothers;images/box_mono-fr-1937.jpg;Vintage / Pièce historique;;;Collection personnelle;Très rare première édition française officielle du Monopoly, fabriquée par Miro Company à Paris sous licence Parker Brothers. Breveté S.G.D.G. N° 3796-36. Visuel iconique avec le personnage tenant un billet de 1000 Francs.;Édition originale d époque 1937 Miro Company Paris (Breveté S.G.D.G. N° 3796-36). Pièce de collection historique.
mono-monopoly-frankfurt-edition;Non possédé;Monopoly Frankfurt Edition;Variantes & Règles Spéciales;2000;Monde;Hasbro;images/box_mono-monopoly-frankfurt-edition.jpg;;;;;Édition Monopoly Frankfurt Edition éditée par Hasbro.;
mono-monopoly-free-parking-the-toppling-taxi-game;Non possédé;Monopoly Free Parking: The Toppling Taxi Game;Variantes & Règles Spéciales;2009;Monde;Hasbro;images/box_mono-monopoly-free-parking-the-toppling-taxi-game.jpg;;;;;Édition Monopoly Free Parking: The Toppling Taxi Game éditée par Hasbro.;
mono-monopoly-fremantle-fc-charity-edition;Non possédé;Monopoly Fremantle FC Charity Edition;Éditions Spéciales & Thématiques;2010;Monde;Hasbro;images/box_mono-monopoly-fremantle-fc-charity-edition.jpg;;;;;Édition Monopoly Fremantle FC Charity Edition éditée par Hasbro.;
mono-monopoly-french-edition;Non possédé;Monopoly French Edition;Éditions Spéciales & Thématiques;2010;France;Hasbro;images/box_mono-monopoly-french-edition.jpg;;;;;Édition Monopoly French Edition éditée par Hasbro.;
mono-monopoly-fresno-edition;Non possédé;Monopoly Fresno Edition;Éditions Spéciales & Thématiques;2010;Monde;Hasbro;images/box_mono-monopoly-fresno-edition.jpg;;;;;Édition Monopoly Fresno Edition éditée par Hasbro.;
mono-pop-friends;Non possédé;Monopoly Friends (Série TV);Films & Séries;2018;Monde / France;Winning Moves;;;;;;Pions emblématiques (la guitare de Phoebe, la pizza de Joey, la tasse de café, le dinosaure de Ross).;
mono-monopoly-frozen-2;Non possédé;Monopoly Frozen 2;Éditions Spéciales & Thématiques;2010;Monde;Hasbro;;;;;;Édition Monopoly Frozen 2 éditée par Hasbro.;
mono-monopoly-frozen-2-monopoly;Non possédé;Monopoly Frozen 2 (Monopoly);Éditions Spéciales & Thématiques;2010;Monde;Hasbro;;;;;;Édition Monopoly Frozen 2 (Monopoly) éditée par Hasbro.;
mono-monopoly-frozen-2-edition;Non possédé;Monopoly Frozen 2 Edition;Éditions Spéciales & Thématiques;2010;Monde;Hasbro;images/box_mono-monopoly-frozen-2-edition.jpg;;;;;Édition Monopoly Frozen 2 Edition éditée par Hasbro.;
mono-monopoly-frozen-ii-edition;Non possédé;Monopoly Frozen II Edition;Éditions Spéciales & Thématiques;2010;Monde;Hasbro;;;;;;Édition Monopoly Frozen II Edition éditée par Hasbro.;
mono-monopoly-fryslan-edition;Non possédé;Monopoly Fryslan Edition;Éditions Spéciales & Thématiques;2010;Monde;Hasbro;;;;;;Édition Monopoly Fryslan Edition éditée par Hasbro.;
mono-monopoly-fun-facts;Non possédé;Monopoly Fun Facts;Éditions Spéciales & Thématiques;2010;Monde;Hasbro;;;;;;Édition Monopoly Fun Facts éditée par Hasbro.;
mono-monopoly-funskool-games;Non possédé;Monopoly Funskool Games;Éditions Spéciales & Thématiques;2010;Monde;Hasbro;images/box_mono-monopoly-funskool-games.jpg;;;;;Édition Monopoly Funskool Games éditée par Hasbro.;
mono-monopoly-futurama-collector-s-edition;Non possédé;Monopoly Futurama Collector's Edition;Films & Séries;2010;Monde;Hasbro;images/box_mono-monopoly-futurama-collector-s-edition.jpg;;;;;Édition Monopoly Futurama Collector's Edition éditée par Hasbro.;
mono-monopoly-g-i-joe-collector-s-edition;Non possédé;Monopoly G.I. Joe Collector's Edition;Éditions Spéciales & Thématiques;2010;Monde;Hasbro;images/box_mono-monopoly-g-i-joe-collector-s-edition.jpg;;;;;Édition Monopoly G.I. Joe Collector's Edition éditée par Hasbro.;
mono-monopoly-go;Non possédé;Monopoly GO!;Éditions Spéciales & Thématiques;2010;Monde;Hasbro;;;;;;Édition Monopoly GO! éditée par Hasbro.;
mono-monopoly-go-2018;Non possédé;Monopoly GO! (2018);Éditions Spéciales & Thématiques;2018;Monde;Hasbro;images/box_mono-monopoly-go-2018.png;;;;;Édition Monopoly GO! (2018) éditée par Hasbro.;
mono-monopoly-go-tabletop-game;Non possédé;Monopoly GO! (tabletop game);Éditions Spéciales & Thématiques;2010;Monde;Hasbro;images/box_mono-monopoly-go-tabletop-game.png;;;;;Édition Monopoly GO! (tabletop game) éditée par Hasbro.;
mono-monopoly-game-british;Non possédé;Monopoly Game (British);Éditions Spéciales & Thématiques;2010;Royaume-Uni;Hasbro;;;;;;Édition Monopoly Game (British) éditée par Hasbro.;
mono-monopoly-game-board-uk;Non possédé;Monopoly Game Board (UK);Variantes & Règles Spéciales;2010;Royaume-Uni;Hasbro;;;;;;Édition Monopoly Game Board (UK) éditée par Hasbro.;
mono-pop-got;Non possédé;Monopoly Game of Thrones (Le Trône de Fer);Films & Séries;2015;Monde / France;Hasbro / HBO;images/mono-pop-got.webp;;;;;Musique du générique intégrée dans le Trône sonore, maisons de Westeros (Stark, Lannister, Targaryen).;
mono-monopoly-game-of-thrones-collector-s-edition;Non possédé;Monopoly Game of Thrones Collector's Edition;Films & Séries;2010;Monde;Hasbro;images/box_mono-monopoly-game-of-thrones-collector-s-edition.jpg;;;;;Édition Monopoly Game of Thrones Collector's Edition éditée par Hasbro.;
mono-monopoly-game-of-thrones-edition;Non possédé;Monopoly Game of Thrones Edition;Films & Séries;2010;Monde;Hasbro;;;;;;Édition Monopoly Game of Thrones Edition éditée par Hasbro.;
mono-monopoly-game-on-the-simpsons;Non possédé;"Monopoly Game on ""The Simpsons""";Films & Séries;2010;Monde;Hasbro;images/box_mono-monopoly-game-on-the-simpsons.png;;;;;"Édition Monopoly Game on ""The Simpsons"" éditée par Hasbro.";
mono-vg-gamer-original;Non possédé;Monopoly Gamer (Nintendo);Jeux Vidéo;2017;Monde / France;Hasbro;;;;;;Le premier Monopoly Gamer fusionnant règles de jeu de plateau et mécaniques de combat de boss Nintendo.;
mono-vg-gamer-mariokart;Non possédé;Monopoly Gamer Mario Kart;Jeux Vidéo;2018;Monde / France;Hasbro;;;;;;Chaque personnage a des capacités uniques ! Lancez des peaux de banane et carapaces bleues sur le plateau.;
mono-monopoly-gamer-mario-kart;Non possédé;Monopoly Gamer: Mario Kart;Jeux Vidéo;2010;Monde;Hasbro;;;;;;Édition Monopoly Gamer: Mario Kart éditée par Hasbro.;
mono-monopoly-games;Non possédé;Monopoly Games;Éditions Spéciales & Thématiques;2010;Monde;Hasbro;images/box_mono-monopoly-games.jpg;;;;;Édition Monopoly Games éditée par Hasbro.;
mono-monopoly-garfield-25th-anniversary-edition;Non possédé;Monopoly Garfield 25th Anniversary Edition;Classique & Anniversaire;2010;Monde;Hasbro;images/box_mono-monopoly-garfield-25th-anniversary-edition.jpg;;;;;Édition Monopoly Garfield 25th Anniversary Edition éditée par Hasbro.;
mono-monopoly-garfield-collector-s-edition;Non possédé;Monopoly Garfield Collector's Edition;Éditions Spéciales & Thématiques;2010;Monde;Hasbro;images/box_mono-monopoly-garfield-collector-s-edition.jpg;;;;;Édition Monopoly Garfield Collector's Edition éditée par Hasbro.;
mono-monopoly-garfield-edition;Non possédé;Monopoly Garfield Edition;Éditions Spéciales & Thématiques;2010;Monde;Hasbro;;;;;;Édition Monopoly Garfield Edition éditée par Hasbro.;
mono-monopoly-garfieldopoly;Non possédé;Monopoly Garfieldopoly;Variantes & Règles Spéciales;2012;USA;USAopoly / The Op;images/box_mono-monopoly-garfieldopoly.jpg;;;;;Édition Monopoly Garfieldopoly éditée par USAopoly / The Op.;
mono-monopoly-gatoropoly;Non possédé;Monopoly Gatoropoly;Variantes & Règles Spéciales;2010;USA;Hasbro;images/box_mono-monopoly-gatoropoly.jpg;;;;;Édition Monopoly Gatoropoly éditée par Hasbro.;
mono-monopoly-geelong-edition;Non possédé;Monopoly Geelong Edition;Éditions Spéciales & Thématiques;2010;Monde;Hasbro;images/box_mono-monopoly-geelong-edition.jpg;;;;;Édition Monopoly Geelong Edition éditée par Hasbro.;
mono-ch-geneve;Non possédé;Monopoly Genève;Villes & Régions (France);2008;Suisse;Winning Moves;;;;;;Jet d'eau de Genève, Horloge fleurie, Palais des Nations, Vieille-Ville et Lac Léman.;
mono-monopoly-gen-ve-edition;Non possédé;Monopoly Genève Edition;Éditions Spéciales & Thématiques;2010;Monde;Hasbro;images/box_mono-monopoly-gen-ve-edition.jpg;;;;;Édition Monopoly Genève Edition éditée par Hasbro.;
mono-monopoly-german-edition;Non possédé;Monopoly German Edition;Éditions Spéciales & Thématiques;2010;Allemagne;Hasbro;images/box_mono-monopoly-german-edition.jpg;;;;;Édition Monopoly German Edition éditée par Hasbro.;
mono-monopoly-germany-edition;Non possédé;Monopoly Germany Edition;Villes & Pays (Monde);2010;Allemagne;Hasbro;images/box_mono-monopoly-germany-edition.jpg;;;;;Édition Monopoly Germany Edition éditée par Hasbro.;
mono-monopoly-get-out-of-jail-the-jail-jumping-game;Non possédé;Monopoly Get Out Of Jail: The Jail-Jumping Game;Variantes & Règles Spéciales;2010;Monde;Hasbro;images/box_mono-monopoly-get-out-of-jail-the-jail-jumping-game.jpg;;;;;Édition Monopoly Get Out Of Jail: The Jail-Jumping Game éditée par Hasbro.;
mono-monopoly-get-out-of-jail-free-card;Non possédé;Monopoly Get out of Jail Free (card);Éditions Spéciales & Thématiques;2010;Monde;Hasbro;images/box_mono-monopoly-get-out-of-jail-free-card.jpg;;;;;Édition Monopoly Get out of Jail Free (card) éditée par Hasbro.;
mono-monopoly-ghettopoly;Non possédé;Monopoly Ghettopoly;Variantes & Règles Spéciales;2003;Monde;Hasbro;images/box_mono-monopoly-ghettopoly.jpg;;;;;Édition Monopoly Ghettopoly éditée par Hasbro.;
mono-monopoly-giant-edition;Non possédé;Monopoly Giant Edition;Éditions Spéciales & Thématiques;2010;Monde;Hasbro;images/box_mono-monopoly-giant-edition.jpg;;;;;Édition Monopoly Giant Edition éditée par Hasbro.;
mono-monopoly-glisse-monopoly-knockout;Possédé;Monopoly Gliss' (Monopoly Knockout);Déclinaisons & Variantes;2024;France;Hasbro Gaming;images/box_mono-gliss.jpg;Neuf / Parfait état;;;Collection personnelle;Version d'action dynamique où les joueurs font glisser 16 pions palets sur un plateau allongé de près de 1 mètre pour éliminer leurs adversaires et encaisser les loyers.;Réf Hasbro F8995. 16 pions glisseurs en 4 couleurs.
mono-monopoly-go-1;Non possédé;Monopoly Go;Éditions Spéciales & Thématiques;2010;Monde;Hasbro;images/box_mono-monopoly-go-1.png;;;;;Édition Monopoly Go éditée par Hasbro.;
mono-monopoly-go-back-3-spaces;Non possédé;Monopoly Go Back 3 Spaces;Éditions Spéciales & Thématiques;2010;Monde;Hasbro;images/box_mono-monopoly-go-back-3-spaces.jpg;;;;;Édition Monopoly Go Back 3 Spaces éditée par Hasbro.;
mono-monopoly-go-directly-to-jail-card;Non possédé;Monopoly Go Directly To Jail (card);Éditions Spéciales & Thématiques;2010;Monde;Hasbro;;;;;;Édition Monopoly Go Directly To Jail (card) éditée par Hasbro.;
mono-monopoly-go-green;Non possédé;Monopoly Go Green;Éditions Spéciales & Thématiques;2010;Monde;Hasbro;;;;;;Édition Monopoly Go Green éditée par Hasbro.;
mono-monopoly-go-pause-and-play-edition;Non possédé;Monopoly Go Pause and Play Edition;Éditions Spéciales & Thématiques;2010;Monde;Hasbro;images/box_mono-monopoly-go-pause-and-play-edition.jpg;;;;;Édition Monopoly Go Pause and Play Edition éditée par Hasbro.;
mono-monopoly-go-to-jail;Non possédé;Monopoly Go to Jail;Éditions Spéciales & Thématiques;2010;Monde;Hasbro;;;;;;Édition Monopoly Go to Jail éditée par Hasbro.;
mono-monopoly-go-to-jail-card;Non possédé;Monopoly Go to Jail (card);Éditions Spéciales & Thématiques;2010;Monde;Hasbro;images/box_mono-monopoly-go-to-jail-card.jpg;;;;;Édition Monopoly Go to Jail (card) éditée par Hasbro.;
mono-monopoly-go-to-jail-disambiguation;Non possédé;Monopoly Go to Jail (disambiguation);Éditions Spéciales & Thématiques;2010;Monde;Hasbro;;;;;;Édition Monopoly Go to Jail (disambiguation) éditée par Hasbro.;
mono-monopoly-go-epic-myths;Non possédé;Monopoly Go! Epic Myths;Éditions Spéciales & Thématiques;2010;Monde;Hasbro;images/box_mono-monopoly-go-epic-myths.jpg;;;;;Édition Monopoly Go! Epic Myths éditée par Hasbro.;
mono-monopoly-go-golden-blitz;Non possédé;Monopoly Go! Golden Blitz;Éditions Spéciales & Thématiques;2010;Monde;Hasbro;images/box_mono-monopoly-go-golden-blitz.png;;;;;Édition Monopoly Go! Golden Blitz éditée par Hasbro.;
mono-monopoly-go-heartfelt-holidays;Non possédé;Monopoly Go! Heartfelt Holidays;Éditions Spéciales & Thématiques;2010;Monde;Hasbro;images/box_mono-monopoly-go-heartfelt-holidays.jpg;;;;;Édition Monopoly Go! Heartfelt Holidays éditée par Hasbro.;
mono-monopoly-go-making-music;Non possédé;Monopoly Go! Making Music;Musique & Groupes;2010;Monde;Hasbro;images/box_mono-monopoly-go-making-music.jpg;;;;;Édition Monopoly Go! Making Music éditée par Hasbro.;
mono-monopoly-go-milestone-events;Non possédé;Monopoly Go! Milestone Events;Éditions Spéciales & Thématiques;2010;Monde;Hasbro;;;;;;Édition Monopoly Go! Milestone Events éditée par Hasbro.;
mono-monopoly-go-monopoly-origins;Non possédé;Monopoly Go! Monopoly Origins;Éditions Spéciales & Thématiques;2010;Monde;Hasbro;images/box_mono-monopoly-go-monopoly-origins.jpg;;;;;Édition Monopoly Go! Monopoly Origins éditée par Hasbro.;
mono-monopoly-go-partner-events;Non possédé;Monopoly Go! Partner Events;Éditions Spéciales & Thématiques;2010;Monde;Hasbro;images/box_mono-monopoly-go-partner-events.png;;;;;Édition Monopoly Go! Partner Events éditée par Hasbro.;
mono-monopoly-go-prize-drop;Non possédé;Monopoly Go! Prize Drop;Éditions Spéciales & Thématiques;2010;Monde;Hasbro;;;;;;Édition Monopoly Go! Prize Drop éditée par Hasbro.;
mono-monopoly-go-shields;Non possédé;Monopoly Go! Shields;Éditions Spéciales & Thématiques;2010;Monde;Hasbro;images/box_mono-monopoly-go-shields.jpg;;;;;Édition Monopoly Go! Shields éditée par Hasbro.;
mono-monopoly-go-tokens;Non possédé;Monopoly Go! Tokens;Éditions Spéciales & Thématiques;2010;Monde;Hasbro;images/box_mono-monopoly-go-tokens.jpg;;;;;Édition Monopoly Go! Tokens éditée par Hasbro.;
mono-monopoly-go-tournaments;Non possédé;Monopoly Go! Tournaments;Éditions Spéciales & Thématiques;2010;Monde;Hasbro;;;;;;Édition Monopoly Go! Tournaments éditée par Hasbro.;
mono-monopoly-godzilla-edition;Non possédé;Monopoly Godzilla Edition;Films & Séries;2010;Monde;Hasbro;images/box_mono-monopoly-godzilla-edition.png;;;;;Édition Monopoly Godzilla Edition éditée par Hasbro.;
mono-monopoly-golden-blitz;Non possédé;Monopoly Golden Blitz;Éditions Spéciales & Thématiques;2010;Monde;Hasbro;;;;;;Édition Monopoly Golden Blitz éditée par Hasbro.;
mono-monopoly-golden-token-bonus-edition;Non possédé;Monopoly Golden Token Bonus Edition;Éditions Spéciales & Thématiques;2013;USA;Hasbro;images/box_mono-monopoly-golden-token-bonus-edition.jpg;;;;;Édition Monopoly Golden Token Bonus Edition éditée par Hasbro.;
mono-monopoly-golden-token-bonus-edition-1;Non possédé;Monopoly Golden Token Bonus Edition;Éditions Spéciales & Thématiques;2010;USA;Hasbro;;;;;;Édition Monopoly Golden Token Bonus Edition éditée par Hasbro.;
mono-monopoly-golf-edition;Non possédé;Monopoly Golf Edition;Variantes & Règles Spéciales;1998;USA;USAopoly / The Op;images/box_mono-monopoly-golf-edition.jpg;;;;;Édition Monopoly Golf Edition éditée par USAopoly / The Op.;
mono-monopoly-golf-signature-holes-edition;Non possédé;Monopoly Golf Signature Holes Edition;Variantes & Règles Spéciales;2008;USA;USAopoly / The Op;images/box_mono-monopoly-golf-signature-holes-edition.jpg;;;;;Édition Monopoly Golf Signature Holes Edition éditée par USAopoly / The Op.;
mono-monopoly-gori-ka-brda-property;Non possédé;Monopoly Goriška Brda (Property);Éditions Spéciales & Thématiques;2010;Monde;Hasbro;images/box_mono-monopoly-gori-ka-brda-property.jpg;;;;;Édition Monopoly Goriška Brda (Property) éditée par Hasbro.;
mono-monopoly-granadian-edition;Non possédé;Monopoly Granadian Edition;Éditions Spéciales & Thématiques;2010;Monde;Hasbro;images/box_mono-monopoly-granadian-edition.png;;;;;Édition Monopoly Granadian Edition éditée par Hasbro.;
mono-monopoly-grand-rapids-edition;Non possédé;Monopoly Grand Rapids Edition;Éditions Spéciales & Thématiques;2010;Monde;Hasbro;images/box_mono-monopoly-grand-rapids-edition.png;;;;;Édition Monopoly Grand Rapids Edition éditée par Hasbro.;
mono-monopoly-grand-theft-auto-collector-s-edition;Non possédé;Monopoly Grand Theft Auto Collector's Edition;Éditions Spéciales & Thématiques;2010;Monde;Hasbro;images/box_mono-monopoly-grand-theft-auto-collector-s-edition.jpg;;;;;Édition Monopoly Grand Theft Auto Collector's Edition éditée par Hasbro.;
mono-monopoly-grateful-dead-opoly;Non possédé;Monopoly Grateful Dead-opoly;Musique & Groupes;2010;Monde;Hasbro;images/box_mono-monopoly-grateful-dead-opoly.jpg;;;;;Édition Monopoly Grateful Dead-opoly éditée par Hasbro.;
mono-monopoly-green-bay-packers-collector-s-edition;Non possédé;Monopoly Green Bay Packers Collector's Edition;Éditions Spéciales & Thématiques;2010;Monde;Hasbro;images/box_mono-monopoly-green-bay-packers-collector-s-edition.jpg;;;;;Édition Monopoly Green Bay Packers Collector's Edition éditée par Hasbro.;
mono-monopoly-green-bay-packers-edition;Non possédé;Monopoly Green Bay Packers Edition;Éditions Spéciales & Thématiques;2010;Monde;Hasbro;;;;;;Édition Monopoly Green Bay Packers Edition éditée par Hasbro.;
mono-monopoly-green-color-group-properties;Non possédé;Monopoly Green Color Group Properties;Éditions Spéciales & Thématiques;2010;Monde;Hasbro;images/box_mono-monopoly-green-color-group-properties.jpg;;;;;Édition Monopoly Green Color Group Properties éditée par Hasbro.;
mono-monopoly-greens;Non possédé;Monopoly Greens;Éditions Spéciales & Thématiques;2010;Monde;Hasbro;;;;;;Édition Monopoly Greens éditée par Hasbro.;
mono-monopoly-greensboro-edition;Non possédé;Monopoly Greensboro Edition;Éditions Spéciales & Thématiques;2010;Monde;Hasbro;images/box_mono-monopoly-greensboro-edition.png;;;;;Édition Monopoly Greensboro Edition éditée par Hasbro.;
mono-monopoly-greenwich-edition;Non possédé;Monopoly Greenwich Edition;Éditions Spéciales & Thématiques;2010;Monde;Hasbro;images/box_mono-monopoly-greenwich-edition.png;;;;;Édition Monopoly Greenwich Edition éditée par Hasbro.;
mono-ville-grenoble;Non possédé;Monopoly Grenoble;Villes & Régions (France);2005;France;Winning Moves;;;;;;La Bastille et ses célèbres bulles téléphériques, Place Grenette, massif de Belledonne et Presqu'île.;
mono-monopoly-grey-s-anatomy-edition;Non possédé;Monopoly Grey's Anatomy Edition;Éditions Spéciales & Thématiques;2010;Monde;Hasbro;images/box_mono-monopoly-grey-s-anatomy-edition.png;;;;;Édition Monopoly Grey's Anatomy Edition éditée par Hasbro.;
mono-dom-antilles;Non possédé;Monopoly Guadeloupe / Martinique (Antilles);Villes & Régions (France);2006;France (Outre-mer);Winning Moves;;;;;;La Soufrière, Montagne Pelée, Pointe-à-Pitre, Fort-de-France et les plages de cartes postales.;
mono-monopoly-guadeloupe-edition;Non possédé;Monopoly Guadeloupe Edition;Villes & Régions (France);2010;Monde;Hasbro;images/box_mono-monopoly-guadeloupe-edition.jpg;;;;;Édition Monopoly Guadeloupe Edition éditée par Hasbro.;
mono-monopoly-guidelines;Non possédé;Monopoly Guidelines;Éditions Spéciales & Thématiques;2010;Monde;Hasbro;;;;;;Édition Monopoly Guidelines éditée par Hasbro.;
mono-monopoly-halle-saale-edition;Non possédé;Monopoly Halle (Saale) Edition;Éditions Spéciales & Thématiques;2010;Monde;Hasbro;images/box_mono-monopoly-halle-saale-edition.jpg;;;;;Édition Monopoly Halle (Saale) Edition éditée par Hasbro.;
mono-monopoly-halle-salle-edition;Non possédé;Monopoly Halle (Salle) Edition;Éditions Spéciales & Thématiques;2010;Monde;Hasbro;;;;;;Édition Monopoly Halle (Salle) Edition éditée par Hasbro.;
mono-monopoly-halle-edition;Non possédé;Monopoly Halle Edition;Éditions Spéciales & Thématiques;2010;Monde;Hasbro;;;;;;Édition Monopoly Halle Edition éditée par Hasbro.;
mono-vg-halo;Non possédé;Monopoly Halo Collector's Edition;Jeux Vidéo;2014;Monde;USAopoly;;;;;;Installation 04, Blood Gulch, Reach avec Master Chief, le Warthog, l'Épée à énergie et le Banshee.;
mono-monopoly-haloze-property;Non possédé;Monopoly Haloze (Property);Jeux Vidéo;2010;Monde;Hasbro;images/box_mono-monopoly-haloze-property.jpg;;;;;Édition Monopoly Haloze (Property) éditée par Hasbro.;
mono-monopoly-hamburg-edition;Non possédé;Monopoly Hamburg Edition;Variantes & Règles Spéciales;2000;Allemagne;Winning Moves;images/box_mono-monopoly-hamburg-edition.jpg;;;;;Édition Monopoly Hamburg Edition éditée par Winning Moves.;
mono-monopoly-hamilton-edition;Non possédé;Monopoly Hamilton Edition;Éditions Spéciales & Thématiques;2010;Monde;Hasbro;images/box_mono-monopoly-hamilton-edition.jpg;;;;;Édition Monopoly Hamilton Edition éditée par Hasbro.;
mono-monopoly-happy-harvest-with-looney-tunes;Non possédé;Monopoly Happy Harvest with Looney Tunes;Films & Séries;2010;Monde;Hasbro;;;;;;Édition Monopoly Happy Harvest with Looney Tunes éditée par Hasbro.;
mono-monopoly-harbor-heights;Non possédé;Monopoly Harbor Heights;Éditions Spéciales & Thématiques;2010;Monde;Hasbro;images/box_mono-monopoly-harbor-heights.jpg;;;;;Édition Monopoly Harbor Heights éditée par Hasbro.;
mono-monopoly-hard-rock-cafe-edition;Non possédé;Monopoly Hard Rock Cafe Edition;Variantes & Règles Spéciales;2003;USA;USAopoly / The Op;images/box_mono-monopoly-hard-rock-cafe-edition.jpg;;;;;Édition Monopoly Hard Rock Cafe Edition éditée par USAopoly / The Op.;
mono-monopoly-harley-davidson-95th-anniversary-edition;Non possédé;Monopoly Harley Davidson 95th Anniversary Edition;Marques & Sports;2010;Monde;Hasbro;images/box_mono-monopoly-harley-davidson-95th-anniversary-edition.jpg;;;;;Édition Monopoly Harley Davidson 95th Anniversary Edition éditée par Hasbro.;
mono-monopoly-harley-davidson-authorized-edition;Non possédé;Monopoly Harley Davidson Authorized Edition;Marques & Sports;2010;Monde;Hasbro;images/box_mono-monopoly-harley-davidson-authorized-edition.jpg;;;;;Édition Monopoly Harley Davidson Authorized Edition éditée par Hasbro.;
mono-monopoly-harley-davidson-deluxe-edition;Non possédé;Monopoly Harley Davidson Deluxe Edition;Variantes & Règles Spéciales;2010;Monde;Franklin Mint;images/box_mono-monopoly-harley-davidson-deluxe-edition.jpg;;;;;Édition Monopoly Harley Davidson Deluxe Edition éditée par Franklin Mint.;
mono-monopoly-harley-davidson-legendary-bikes-edition;Non possédé;Monopoly Harley Davidson Legendary Bikes Edition;Marques & Sports;2010;Monde;Hasbro;images/box_mono-monopoly-harley-davidson-legendary-bikes-edition.jpg;;;;;Édition Monopoly Harley Davidson Legendary Bikes Edition éditée par Hasbro.;
mono-monopoly-harley-davidson-live-to-ride-edition;Non possédé;Monopoly Harley Davidson Live To Ride Edition;Variantes & Règles Spéciales;2010;Monde;Hasbro;;;;;;Édition Monopoly Harley Davidson Live To Ride Edition éditée par Hasbro.;
mono-monopoly-harley-davidson-live-to-ride-edition-1;Non possédé;Monopoly Harley Davidson Live to Ride Edition;Variantes & Règles Spéciales;2010;Monde;Hasbro;images/box_mono-monopoly-harley-davidson-live-to-ride-edition-1.jpg;;;;;Édition Monopoly Harley Davidson Live to Ride Edition éditée par Hasbro.;
mono-brand-harley;Non possédé;Monopoly Harley-Davidson Collector's Edition;Marques & Sports;1999;USA / Monde;USAopoly;;;;;;Motos légendaires (Fat Boy, Electra Glide, Sportster) et pions casque de biker, moteur V-Twin, botte en cuir.;
mono-monopoly-harrod-s-deluxe-edition;Non possédé;Monopoly Harrod's Deluxe Edition;Classique & Anniversaire;2010;Monde;Hasbro;;;;;;Édition Monopoly Harrod's Deluxe Edition éditée par Hasbro.;
mono-monopoly-harrod-s-edition;Non possédé;Monopoly Harrod's Edition;Éditions Spéciales & Thématiques;2010;Monde;Hasbro;;;;;;Édition Monopoly Harrod's Edition éditée par Hasbro.;
mono-monopoly-harrod-s-wood-edition;Non possédé;Monopoly Harrod's Wood Edition;Classique & Anniversaire;2010;Monde;Hasbro;;;;;;Édition Monopoly Harrod's Wood Edition éditée par Hasbro.;
mono-monopoly-harrods-deluxe-edition;Non possédé;Monopoly Harrods Deluxe Edition;Classique & Anniversaire;2010;Monde;Hasbro;images/box_mono-monopoly-harrods-deluxe-edition.jpg;;;;;Édition Monopoly Harrods Deluxe Edition éditée par Hasbro.;
mono-monopoly-harrods-edition;Non possédé;Monopoly Harrods Edition;Éditions Spéciales & Thématiques;2010;Monde;Hasbro;images/box_mono-monopoly-harrods-edition.jpg;;;;;Édition Monopoly Harrods Edition éditée par Hasbro.;
mono-monopoly-harrods-wood-edition;Non possédé;Monopoly Harrods Wood Edition;Classique & Anniversaire;2010;Monde;Hasbro;images/box_mono-monopoly-harrods-wood-edition.jpg;;;;;Édition Monopoly Harrods Wood Edition éditée par Hasbro.;
mono-pop-harrypotter;Non possédé;Monopoly Harry Potter;Films & Séries;2024;Monde / France;Hasbro;;;;;;Rejoignez Poudlard, prenez le Poudlard Express, explorez Pré-au-Lard et gagnez des points de maison.;
mono-monopoly-harry-potter-go;Non possédé;Monopoly Harry Potter GO!;Films & Séries;2010;Monde;Hasbro;images/box_mono-monopoly-harry-potter-go.png;;;;;Édition Monopoly Harry Potter GO! éditée par Hasbro.;
mono-monopoly-hasbro;Non possédé;Monopoly Hasbro;Éditions Spéciales & Thématiques;2010;Monde;Hasbro;;;;;;Édition Monopoly Hasbro éditée par Hasbro.;
mono-monopoly-hasbro-100th-anniversary-edition;Non possédé;Monopoly Hasbro 100th Anniversary Edition;Classique & Anniversaire;2010;Monde;Hasbro;images/box_mono-monopoly-hasbro-100th-anniversary-edition.png;;;;;Édition Monopoly Hasbro 100th Anniversary Edition éditée par Hasbro.;
mono-monopoly-hazel;Non possédé;Monopoly Hazel;Éditions Spéciales & Thématiques;2010;Monde;Hasbro;images/box_mono-monopoly-hazel.png;;;;;Édition Monopoly Hazel éditée par Hasbro.;
mono-monopoly-heartfelt-holidays;Non possédé;Monopoly Heartfelt Holidays;Éditions Spéciales & Thématiques;2010;Monde;Hasbro;;;;;;Édition Monopoly Heartfelt Holidays éditée par Hasbro.;
mono-monopoly-heidelberg-edition;Non possédé;Monopoly Heidelberg Edition;Éditions Spéciales & Thématiques;2010;Monde;Hasbro;images/box_mono-monopoly-heidelberg-edition.jpg;;;;;Édition Monopoly Heidelberg Edition éditée par Hasbro.;
mono-monopoly-heirloom-edition;Non possédé;Monopoly Heirloom Edition;Variantes & Règles Spéciales;1997;USA;Parker Brothers;images/box_mono-monopoly-heirloom-edition.jpg;;;;;Édition Monopoly Heirloom Edition éditée par Parker Brothers.;
mono-monopoly-hello-kitty-collector-s-edition;Non possédé;Monopoly Hello Kitty Collector's Edition;Variantes & Règles Spéciales;2010;USA;USAopoly / The Op;images/box_mono-monopoly-hello-kitty-collector-s-edition.jpg;;;;;Édition Monopoly Hello Kitty Collector's Edition éditée par USAopoly / The Op.;
mono-monopoly-here-now-buzzfeed;Non possédé;Monopoly Here & Now (Buzzfeed);Villes & Pays (Monde);2010;Monde;Hasbro;images/box_mono-monopoly-here-now-buzzfeed.jpg;;;;;Édition Monopoly Here & Now (Buzzfeed) éditée par Hasbro.;
mono-monopoly-here-now-the-world-edition;Non possédé;Monopoly Here & Now: The World Edition;Variantes & Règles Spéciales;2008;Monde;Hasbro;images/box_mono-monopoly-here-now-the-world-edition.jpg;;;;;Édition Monopoly Here & Now: The World Edition éditée par Hasbro.;
mono-monopoly-here-now-the-world-edition-1;Non possédé;Monopoly Here & Now: The World Edition;Villes & Pays (Monde);2010;Monde;Hasbro;;;;;;Édition Monopoly Here & Now: The World Edition éditée par Hasbro.;
mono-world-edition;Non possédé;Monopoly Here & Now: World Edition;Villes & Pays (Monde);2008;Monde;Hasbro;images/mono-world-edition.jpg;;;;;Les plus grandes villes du monde élues par des millions d'internautes (Montréal, Paris, Londres, Tokyo).;
mono-monopoly-here-and-now;Non possédé;Monopoly Here and Now;Éditions Spéciales & Thématiques;2010;Monde;Hasbro;;;;;;Édition Monopoly Here and Now éditée par Hasbro.;
mono-monopoly-here-and-now-70th-anniversary;Non possédé;Monopoly Here and Now 70th Anniversary;Jeux Vidéo;2010;Monde;Hasbro;images/box_mono-monopoly-here-and-now-70th-anniversary.jpg;;;;;Édition Monopoly Here and Now 70th Anniversary éditée par Hasbro.;
mono-monopoly-here-and-now-edition;Non possédé;Monopoly Here and Now Edition;Variantes & Règles Spéciales;2006;Monde;Hasbro;images/box_mono-monopoly-here-and-now-edition.jpg;;;;;Édition Monopoly Here and Now Edition éditée par Hasbro.;
mono-monopoly-hershey-s-collector-s-edition;Non possédé;Monopoly Hershey's Collector's Edition;Éditions Spéciales & Thématiques;2010;Monde;Hasbro;images/box_mono-monopoly-hershey-s-collector-s-edition.jpg;;;;;Édition Monopoly Hershey's Collector's Edition éditée par Hasbro.;
mono-monopoly-hershey-s-edition;Non possédé;Monopoly Hershey's Edition;Éditions Spéciales & Thématiques;2010;Monde;Hasbro;;;;;;Édition Monopoly Hershey's Edition éditée par Hasbro.;
mono-monopoly-hilton-head-island-edition;Non possédé;Monopoly Hilton Head Island Edition;Éditions Spéciales & Thématiques;2010;Monde;Hasbro;images/box_mono-monopoly-hilton-head-island-edition.png;;;;;Édition Monopoly Hilton Head Island Edition éditée par Hasbro.;
mono-monopoly-hog-opoly;Non possédé;Monopoly Hog-opoly;Éditions Spéciales & Thématiques;2010;Monde;Hasbro;images/box_mono-monopoly-hog-opoly.jpg;;;;;Édition Monopoly Hog-opoly éditée par Hasbro.;
mono-monopoly-hogopoly;Non possédé;Monopoly Hogopoly;Éditions Spéciales & Thématiques;2010;Monde;Hasbro;;;;;;Édition Monopoly Hogopoly éditée par Hasbro.;
mono-monopoly-home-improvement-limited-edition;Non possédé;Monopoly Home Improvement Limited Edition;Éditions Spéciales & Thématiques;2010;Monde;Hasbro;images/box_mono-monopoly-home-improvement-limited-edition.jpg;;;;;Édition Monopoly Home Improvement Limited Edition éditée par Hasbro.;
mono-city-hongkong;Non possédé;Monopoly Hong Kong;Villes & Pays (Monde);2007;Hong Kong / Asie;Hasbro;;;;;;Victoria Peak, Star Ferry, Nathan Road, Temple Street, gratte-ciels spectaculaires et baie illuminée.;
mono-monopoly-horse-lover-s-edition;Non possédé;Monopoly Horse Lover's Edition;Éditions Spéciales & Thématiques;2010;Monde;Hasbro;;;;;;Édition Monopoly Horse Lover's Edition éditée par Hasbro.;
mono-monopoly-horse-lovers-edition;Non possédé;Monopoly Horse Lovers Edition;Variantes & Règles Spéciales;2007;USA;USAopoly / The Op;images/box_mono-monopoly-horse-lovers-edition.jpg;;;;;Édition Monopoly Horse Lovers Edition éditée par USAopoly / The Op.;
mono-monopoly-horse-opoly;Non possédé;Monopoly Horse-opoly;Variantes & Règles Spéciales;2010;Monde;Hasbro;images/box_mono-monopoly-horse-opoly.jpg;;;;;Édition Monopoly Horse-opoly éditée par Hasbro.;
mono-monopoly-hotels;Non possédé;Monopoly Hotels;Variantes & Règles Spéciales;2013;Monde;Hasbro;images/box_mono-monopoly-hotels.jpg;;;;;Édition Monopoly Hotels éditée par Hasbro.;
mono-monopoly-hotels-app-game;Non possédé;Monopoly Hotels (App game);Jeux Vidéo;2010;Monde;Hasbro;images/box_mono-monopoly-hotels-app-game.jpg;;;;;Édition Monopoly Hotels (App game) éditée par Hasbro.;
mono-monopoly-hotels-ipad;Non possédé;Monopoly Hotels (iPad);Éditions Spéciales & Thématiques;2010;Monde;Hasbro;;;;;;Édition Monopoly Hotels (iPad) éditée par Hasbro.;
mono-monopoly-house-divided-edition;Non possédé;Monopoly House Divided Edition;Éditions Spéciales & Thématiques;2010;Monde;Hasbro;images/box_mono-monopoly-house-divided-edition.png;;;;;Édition Monopoly House Divided Edition éditée par Hasbro.;
mono-monopoly-house-of-the-dragon-edition;Non possédé;Monopoly House of the Dragon Edition;Éditions Spéciales & Thématiques;2010;Monde;Hasbro;images/box_mono-monopoly-house-of-the-dragon-edition.png;;;;;Édition Monopoly House of the Dragon Edition éditée par Hasbro.;
mono-monopoly-house-rule;Non possédé;Monopoly House rule;Éditions Spéciales & Thématiques;2010;Monde;Hasbro;;;;;;Édition Monopoly House rule éditée par Hasbro.;
mono-monopoly-housing-bust-edition;Non possédé;Monopoly Housing Bust Edition;Éditions Spéciales & Thématiques;2010;Monde;Hasbro;images/box_mono-monopoly-housing-bust-edition.jpg;;;;;Édition Monopoly Housing Bust Edition éditée par Hasbro.;
mono-monopoly-hungarian-edition;Non possédé;Monopoly Hungarian Edition;Variantes & Règles Spéciales;2010;Monde;Parker Brothers;images/box_mono-monopoly-hungarian-edition.jpg;;;;;Édition Monopoly Hungarian Edition éditée par Parker Brothers.;
mono-monopoly-huntington-beach-edition;Non possédé;Monopoly Huntington Beach Edition;Éditions Spéciales & Thématiques;2010;Monde;Hasbro;images/box_mono-monopoly-huntington-beach-edition.png;;;;;Édition Monopoly Huntington Beach Edition éditée par Hasbro.;
mono-monopoly-huskeropoly;Non possédé;Monopoly Huskeropoly;Variantes & Règles Spéciales;2010;Monde;Hasbro;images/box_mono-monopoly-huskeropoly.jpg;;;;;Édition Monopoly Huskeropoly éditée par Hasbro.;
mono-monopoly-i-love-lucy-collector-s-edition;Non possédé;Monopoly I Love Lucy Collector's Edition;Variantes & Règles Spéciales;2001;Monde;Hasbro;images/box_mono-monopoly-i-love-lucy-collector-s-edition.jpg;;;;;Édition Monopoly I Love Lucy Collector's Edition éditée par Hasbro.;
mono-monopoly-i-love-lucy-edition;Non possédé;Monopoly I Love Lucy Edition;Éditions Spéciales & Thématiques;2010;Monde;Hasbro;;;;;;Édition Monopoly I Love Lucy Edition éditée par Hasbro.;
mono-monopoly-i-u-opoly;Non possédé;Monopoly I.U.opoly;Éditions Spéciales & Thématiques;2010;Monde;Hasbro;;;;;;Édition Monopoly I.U.opoly éditée par Hasbro.;
mono-monopoly-iu-opoly;Non possédé;Monopoly IU opoly;Éditions Spéciales & Thématiques;2010;Monde;Hasbro;images/box_mono-monopoly-iu-opoly.jpg;;;;;Édition Monopoly IU opoly éditée par Hasbro.;
mono-monopoly-ivillage-com;Non possédé;Monopoly IVillage.com;Éditions Spéciales & Thématiques;2010;Monde;Hasbro;;;;;;Édition Monopoly IVillage.com éditée par Hasbro.;
mono-monopoly-ice-cream-opoly-1;Non possédé;Monopoly Ice Cream Opoly;Éditions Spéciales & Thématiques;2010;Monde;Hasbro;images/box_mono-monopoly-ice-cream-opoly-1.jpg;;;;;Édition Monopoly Ice Cream Opoly éditée par Hasbro.;
mono-monopoly-ice-cream-oploy;Non possédé;Monopoly Ice Cream-oploy;Éditions Spéciales & Thématiques;2010;Monde;Hasbro;;;;;;Édition Monopoly Ice Cream-oploy éditée par Hasbro.;
mono-monopoly-ice-cream-opoly;Non possédé;Monopoly Ice Cream-opoly;Variantes & Règles Spéciales;2010;Monde;Hasbro;images/box_mono-monopoly-ice-cream-opoly.jpg;;;;;Édition Monopoly Ice Cream-opoly éditée par Hasbro.;
mono-monopoly-illiniopoly;Non possédé;Monopoly Illiniopoly;Éditions Spéciales & Thématiques;2010;Monde;Hasbro;images/box_mono-monopoly-illiniopoly.jpg;;;;;Édition Monopoly Illiniopoly éditée par Hasbro.;
mono-monopoly-iowaopoly;Non possédé;Monopoly Iowaopoly;Éditions Spéciales & Thématiques;2010;Monde;Hasbro;images/box_mono-monopoly-iowaopoly.jpg;;;;;Édition Monopoly Iowaopoly éditée par Hasbro.;
mono-monopoly-irishopoly;Non possédé;Monopoly Irishopoly;Éditions Spéciales & Thématiques;2010;Monde;Hasbro;images/box_mono-monopoly-irishopoly.jpg;;;;;Édition Monopoly Irishopoly éditée par Hasbro.;
mono-monopoly-iron-maiden-edition;Non possédé;Monopoly Iron Maiden Edition;Musique & Groupes;2010;Monde;Hasbro;images/box_mono-monopoly-iron-maiden-edition.png;;;;;Édition Monopoly Iron Maiden Edition éditée par Hasbro.;
mono-music-iron-maiden;Non possédé;Monopoly Iron Maiden: Somewhere on Tour;Musique & Groupes;2023;Monde;USAopoly;images/mono-music-iron-maiden.webp;;;;;Voyagez avec la mascotte Eddie à travers l'histoire d'Iron Maiden (The Number of the Beast, Powerslave).;
mono-monopoly-isle-of-wight-edition;Non possédé;Monopoly Isle of Wight Edition;Éditions Spéciales & Thématiques;2010;Monde;Hasbro;images/box_mono-monopoly-isle-of-wight-edition.jpg;;;;;Édition Monopoly Isle of Wight Edition éditée par Hasbro.;
mono-monopoly-it-s-always-sunny-in-philadelphia-edition;Non possédé;Monopoly It's Always Sunny in Philadelphia Edition;Éditions Spéciales & Thématiques;2010;Monde;Hasbro;images/box_mono-monopoly-it-s-always-sunny-in-philadelphia-edition.png;;;;;Édition Monopoly It's Always Sunny in Philadelphia Edition éditée par Hasbro.;
mono-monopoly-italia-edition;Non possédé;Monopoly Italia Edition;Éditions Spéciales & Thématiques;2010;Monde;Hasbro;images/box_mono-monopoly-italia-edition.jpg;;;;;Édition Monopoly Italia Edition éditée par Hasbro.;
mono-monopoly-italian-edition;Non possédé;Monopoly Italian Edition;Éditions Spéciales & Thématiques;2010;Italie;Hasbro;images/box_mono-monopoly-italian-edition.jpg;;;;;Édition Monopoly Italian Edition éditée par Hasbro.;
mono-monopoly-jackpot;Non possédé;Monopoly Jackpot;Éditions Spéciales & Thématiques;2010;Monde;Hasbro;;;;;;Édition Monopoly Jackpot éditée par Hasbro.;
mono-monopoly-jackpot-board-game;Non possédé;Monopoly Jackpot (Board game);Éditions Spéciales & Thématiques;2010;Monde;Hasbro;;;;;;Édition Monopoly Jackpot (Board game) éditée par Hasbro.;
mono-monopoly-jackpot-handheld-electronic-game;Non possédé;Monopoly Jackpot (Handheld Electronic game);Éditions Spéciales & Thématiques;2010;Monde;Hasbro;images/box_mono-monopoly-jackpot-handheld-electronic-game.jpg;;;;;Édition Monopoly Jackpot (Handheld Electronic game) éditée par Hasbro.;
mono-monopoly-jackpot-edition;Non possédé;Monopoly Jackpot Edition;Éditions Spéciales & Thématiques;2010;Monde;Hasbro;images/box_mono-monopoly-jackpot-edition.jpg;;;;;Édition Monopoly Jackpot Edition éditée par Hasbro.;
mono-monopoly-jacksonville-edition;Non possédé;Monopoly Jacksonville Edition;Éditions Spéciales & Thématiques;2010;Monde;Hasbro;images/box_mono-monopoly-jacksonville-edition.png;;;;;Édition Monopoly Jacksonville Edition éditée par Hasbro.;
mono-pop-james-bond;Non possédé;Monopoly James Bond 007 Collector's Edition;Films & Séries;2008;Monde / France;Winning Moves;images/mono-pop-james-bond.jpg;;;;;Tous les films de James Bond depuis Dr. No jusqu'à Spectre/No Time to Die. Pions Aston Martin DB5, pistolet Walther PPK.;
mono-monopoly-jersey-city-edition;Non possédé;Monopoly Jersey City Edition;Variantes & Règles Spéciales;2010;Monde;Hasbro;images/box_mono-monopoly-jersey-city-edition.png;;;;;Édition Monopoly Jersey City Edition éditée par Hasbro.;
mono-monopoly-jersey-edition;Non possédé;Monopoly Jersey Edition;Variantes & Règles Spéciales;2004;Royaume-Uni;Winning Moves;images/box_mono-monopoly-jersey-edition.png;;;;;Édition Monopoly Jersey Edition éditée par Winning Moves.;
mono-monopoly-jim-henson-s-muppets-collector-s-edition;Non possédé;Monopoly Jim Henson's Muppets Collector's Edition;Films & Séries;2010;Monde;Hasbro;;;;;;Édition Monopoly Jim Henson's Muppets Collector's Edition éditée par Hasbro.;
mono-monopoly-john-deere-collector-s-edition;Non possédé;Monopoly John Deere Collector's Edition;Marques & Sports;2010;Monde;Hasbro;images/box_mono-monopoly-john-deere-collector-s-edition.jpg;;;;;Édition Monopoly John Deere Collector's Edition éditée par Hasbro.;
mono-monopoly-john-wayne-collector-s-edition;Non possédé;Monopoly John Wayne Collector's Edition;Éditions Spéciales & Thématiques;2010;Monde;Hasbro;images/box_mono-monopoly-john-wayne-collector-s-edition.jpg;;;;;Édition Monopoly John Wayne Collector's Edition éditée par Hasbro.;
mono-monopoly-juicy-couture-edition;Non possédé;Monopoly Juicy Couture Edition;Variantes & Règles Spéciales;2007;USA;USAopoly / The Op;images/box_mono-monopoly-juicy-couture-edition.jpg;;;;;Édition Monopoly Juicy Couture Edition éditée par USAopoly / The Op.;
mono-monopoly-jujutsu-kaisen-edition;Non possédé;Monopoly Jujutsu Kaisen Edition;Anime & Manga;2010;Monde;Hasbro;images/box_mono-monopoly-jujutsu-kaisen-edition.png;;;;;Édition Monopoly Jujutsu Kaisen Edition éditée par Hasbro.;
mono-monopoly-junior;Non possédé;Monopoly Junior;Junior & Enfants;2010;Monde;Hasbro;;;;;;Édition Monopoly Junior éditée par Hasbro.;
mono-monopoly-junior-disney-edition;Non possédé;Monopoly Junior Disney Edition;Junior & Enfants;2010;Monde;Hasbro;;;;;;Édition Monopoly Junior Disney Edition éditée par Hasbro.;
mono-monopoly-junior-disney-princess-edition;Non possédé;Monopoly Junior Disney Princess Edition;Junior & Enfants;2010;Monde;Hasbro;;;;;;Édition Monopoly Junior Disney Princess Edition éditée par Hasbro.;
mono-monopoly-junior-edition;Non possédé;Monopoly Junior Edition;Junior & Enfants;2010;Monde;Winning Moves;images/box_mono-monopoly-junior-edition.jpg;;;;;Édition Monopoly Junior Edition éditée par Winning Moves.;
mono-junior-1990;Non possédé;Monopoly Junior Fête Foraine (Original 1990);Junior & Enfants;1990;France / Monde;Parker Brothers;;;;;;La version originale pour enfants avec les stands de fête foraine (Stand de frites, Barbe à papa, Grande roue, Montagnes russes) et billets simplifiés de 1 à 5.;
mono-junior-reine-des-neiges;Non possédé;Monopoly Junior La Reine des Neiges (Frozen);Junior & Enfants;2015;France / Monde;Hasbro;;;;;;Arendelle avec Elsa, Anna et Olaf : achetez des lieux magiques du royaume glacé.;
mono-junior-miraculous;Non possédé;Monopoly Junior Miraculous : Les Aventures de Ladybug et Chat Noir;Junior & Enfants;2022;France;Winning Moves;;;;;;Protégez Paris des akumatisés avec Ladybug, Chat Noir, Tikki et Plagg.;
mono-junior-pat-patrouille;Non possédé;Monopoly Junior Pat' Patrouille (Paw Patrol);Junior & Enfants;2021;France / Monde;Hasbro;;;;;;Aventure avec Chase, Marcus, Ruben et Stella dans la Grande Vallée.;
mono-junior-peppa-pig;Non possédé;Monopoly Junior Peppa Pig;Junior & Enfants;2021;France / Monde;Hasbro;;;;;;Explorez l'univers de Peppa Pig, George, Maman Pig et Papa Pig avec les bottes de pluie !;
mono-monopoly-junior-ben-10-edition;Non possédé;Monopoly Junior: Ben 10 Edition;Junior & Enfants;2010;Monde;Hasbro;;;;;;Édition Monopoly Junior: Ben 10 Edition éditée par Hasbro.;
mono-monopoly-junior-magnit-edition;Non possédé;Monopoly Junior: Magnit Edition;Junior & Enfants;2010;Monde;Hasbro;;;;;;Édition Monopoly Junior: Magnit Edition éditée par Hasbro.;
mono-monopoly-junior-naruto;Non possédé;Monopoly Junior: Naruto;Junior & Enfants;2010;Monde;Hasbro;;;;;;Édition Monopoly Junior: Naruto éditée par Hasbro.;
mono-region-jura;Non possédé;Monopoly Jura;Villes & Régions (France);2012;France;Winning Moves;;;;;;Cascades du Hérisson, Lac de Vouglans, vignoble d'Arbois (Vin Jaune), Comté et massif jurassien.;
mono-pop-jurassic-park;Non possédé;Monopoly Jurassic Park;Films & Séries;2021;Monde / France;Hasbro;;;;;;Comprend la porte du parc avec bruitage électronique culte du T-Rex et le thème musical officiel.;
mono-monopoly-justice-league-of-america-alex-ross-custo;Non possédé;Monopoly Justice League of America Alex Ross Custom Set;Variantes & Règles Spéciales;2011;Monde;Hasbro;images/box_mono-monopoly-justice-league-of-america-alex-ross-custo.jpg;;;;;Édition Monopoly Justice League of America Alex Ross Custom Set éditée par Hasbro.;
mono-monopoly-justice-league-of-america-edition;Non possédé;Monopoly Justice League of America Edition;Variantes & Règles Spéciales;1999;USA;USAopoly / The Op;images/box_mono-monopoly-justice-league-of-america-edition.jpg;;;;;Édition Monopoly Justice League of America Edition éditée par USAopoly / The Op.;
mono-club-juventus;Non possédé;Monopoly Juventus Football Club;Marques & Sports;2018;Italie / International;Winning Moves;;;;;;Allianz Stadium de Turin, musée de la Juve, scudetti et légendes bianconeri.;
mono-monopoly-k-pop-demon-hunters-edition;Non possédé;Monopoly K-Pop Demon Hunters Edition;Éditions Spéciales & Thématiques;2010;Monde;Hasbro;images/box_mono-monopoly-k-pop-demon-hunters-edition.png;;;;;Édition Monopoly K-Pop Demon Hunters Edition éditée par Hasbro.;
mono-music-kiss;Non possédé;Monopoly KISS Collector's Edition;Musique & Groupes;2006;Monde;USAopoly;images/mono-music-kiss.jpg;;;;;The Demon, The Starchild, The Spaceman, The Catman avec leurs albums légendaires et concerts pyrotechniques.;
mono-monopoly-kpop-demon-hunters-edition;Non possédé;Monopoly KPop Demon Hunters Edition;Éditions Spéciales & Thématiques;2010;Monde;Hasbro;;;;;;Édition Monopoly KPop Demon Hunters Edition éditée par Hasbro.;
mono-monopoly-kansaopoly;Non possédé;Monopoly Kansaopoly;Éditions Spéciales & Thématiques;2010;Monde;Hasbro;;;;;;Édition Monopoly Kansaopoly éditée par Hasbro.;
mono-monopoly-kansas-city-edition;Non possédé;Monopoly Kansas City Edition;Variantes & Règles Spéciales;2010;Monde;Hasbro;images/box_mono-monopoly-kansas-city-edition.jpg;;;;;Édition Monopoly Kansas City Edition éditée par Hasbro.;
mono-monopoly-kansas-city-edition-2022;Non possédé;Monopoly Kansas City Edition (2022);Variantes & Règles Spéciales;2022;Monde;Hasbro;;;;;;Édition Monopoly Kansas City Edition (2022) éditée par Hasbro.;
mono-monopoly-kansas-city-edition-top-trumps;Non possédé;Monopoly Kansas City Edition (Top Trumps);Variantes & Règles Spéciales;2010;Monde;Hasbro;images/box_mono-monopoly-kansas-city-edition-top-trumps.jpg;;;;;Édition Monopoly Kansas City Edition (Top Trumps) éditée par Hasbro.;
mono-monopoly-kansas-city-opoly-1;Non possédé;Monopoly Kansas City Opoly;Variantes & Règles Spéciales;2010;Monde;Hasbro;;;;;;Édition Monopoly Kansas City Opoly éditée par Hasbro.;
mono-monopoly-kansas-city-opoly;Non possédé;Monopoly Kansas City-Opoly;Variantes & Règles Spéciales;2010;Monde;Hasbro;images/box_mono-monopoly-kansas-city-opoly.jpg;;;;;Édition Monopoly Kansas City-Opoly éditée par Hasbro.;
mono-monopoly-kansasopoly;Non possédé;Monopoly Kansasopoly;Variantes & Règles Spéciales;2010;Monde;Hasbro;images/box_mono-monopoly-kansasopoly.jpg;;;;;Édition Monopoly Kansasopoly éditée par Hasbro.;
mono-monopoly-kennards-hire-70th-anniversary-edition;Non possédé;Monopoly Kennards Hire 70th Anniversary Edition;Classique & Anniversaire;2010;Monde;Hasbro;images/box_mono-monopoly-kennards-hire-70th-anniversary-edition.png;;;;;Édition Monopoly Kennards Hire 70th Anniversary Edition éditée par Hasbro.;
mono-monopoly-kingdom-hearts-custom-set;Non possédé;Monopoly Kingdom Hearts Custom Set;Variantes & Règles Spéciales;2010;Monde;Hasbro;images/box_mono-monopoly-kingdom-hearts-custom-set.jpg;;;;;Édition Monopoly Kingdom Hearts Custom Set éditée par Hasbro.;
mono-monopoly-k-ln-edition;Non possédé;Monopoly Köln Edition;Variantes & Règles Spéciales;2000;Allemagne;Winning Moves;images/box_mono-monopoly-k-ln-edition.jpg;;;;;Édition Monopoly Köln Edition éditée par Winning Moves.;
mono-manga-aot;Non possédé;Monopoly L'Attaque des Titans (Attack on Titan);Anime & Manga;2016;Monde;USAopoly;;;;;;Murs Maria, Rose et Sina, bataillon d'exploration, pions équipement tridimensionnel, clé d'Eren, canon.;
mono-pop-nightmare-christmas;Non possédé;Monopoly L'Étrange Noël de Monsieur Jack (Nightmare Before Christmas);Films & Séries;2014;Monde / France;USAopoly;images/mono-pop-nightmare-christmas.webp;;;;;Ville d'Halloween et Ville de Noël avec Jack Skellington, Sally, Oogie Boogie, Zéro et la colline spiralée.;
mono-monopoly-la-casa-de-papel-edition;Possédé;Monopoly La Casa de Papel (Netflix);Pop Culture & Divertissement;2021;France;Hasbro Gaming;images/box_mono-la-casa-de-papel.jpg;Très bon état;;;Collection personnelle;Édition officielle Netflix de la célèbre série. Participez au braquage avec l'équipe du Professeur, sécurisez la Banque d'Espagne et la Fabrique de la monnaie, et collectez des lingots d'or.;Réf Hasbro F2725 / 0421F2725101. Pions collector masque de Dali, lingots d or et cartes Professeur.
mono-monopoly-la-que-se-avecina-15th-anniversary-editio;Non possédé;Monopoly La Que Se Avecina 15th Anniversary Edition;Classique & Anniversaire;2010;Monde;Hasbro;images/box_mono-monopoly-la-que-se-avecina-15th-anniversary-editio.jpg;;;;;Édition Monopoly La Que Se Avecina 15th Anniversary Edition éditée par Hasbro.;
mono-monopoly-la-que-se-avecina-edition;Non possédé;Monopoly La Que Se Avecina Edition;Éditions Spéciales & Thématiques;2010;Monde;Hasbro;images/box_mono-monopoly-la-que-se-avecina-edition.jpg;;;;;Édition Monopoly La Que Se Avecina Edition éditée par Hasbro.;
mono-dom-reunion;Non possédé;Monopoly La Réunion;Villes & Régions (France);2005;France (Outre-mer);Winning Moves;;;;;;Piton de la Fournaise, Cirque de Mafate, Cilaos, Saint-Denis et plages de Saint-Gilles.;
mono-monopoly-la-que-se-avecina-edition-1;Non possédé;Monopoly La que se avecina edition;Éditions Spéciales & Thématiques;2010;Monde;Hasbro;;;;;;Édition Monopoly La que se avecina edition éditée par Hasbro.;
mono-monopoly-lab-opoly;Non possédé;Monopoly Lab-opoly;Éditions Spéciales & Thématiques;2010;Monde;Hasbro;images/box_mono-monopoly-lab-opoly.jpg;;;;;Édition Monopoly Lab-opoly éditée par Hasbro.;
mono-monopoly-lagos-edition;Non possédé;Monopoly Lagos Edition;Éditions Spéciales & Thématiques;2010;Monde;Hasbro;;;;;;Édition Monopoly Lagos Edition éditée par Hasbro.;
mono-monopoly-lake-tahoe-edition;Non possédé;Monopoly Lake Tahoe Edition;Éditions Spéciales & Thématiques;2010;Monde;Hasbro;images/box_mono-monopoly-lake-tahoe-edition.png;;;;;Édition Monopoly Lake Tahoe Edition éditée par Hasbro.;
mono-region-landes;Non possédé;Monopoly Landes;Villes & Régions (France);2013;France;Winning Moves;;;;;;Hossegor, Biscarrosse, Capbreton, forêt des Landes de Gascogne, ferias de Dax et Mont-de-Marsan.;
mono-monopoly-landlord-s-game;Non possédé;Monopoly Landlord's Game;Éditions Spéciales & Thématiques;2010;Monde;Hasbro;;;;;;Édition Monopoly Landlord's Game éditée par Hasbro.;
mono-city-lasvegas;Non possédé;Monopoly Las Vegas;Villes & Pays (Monde);1997;USA;USAopoly;images/mono-city-lasvegas.jpg;;;;;Le Strip de Las Vegas, Bellagio, Caesars Palace, Fremont Street et les plus célèbres casinos.;
mono-monopoly-las-vegas-edition;Non possédé;Monopoly Las Vegas Edition;Villes & Pays (Monde);2010;Monde;Hasbro;images/box_mono-monopoly-las-vegas-edition.jpg;;;;;Édition Monopoly Las Vegas Edition éditée par Hasbro.;
mono-monopoly-late-for-the-sky;Non possédé;Monopoly Late for the Sky;Éditions Spéciales & Thématiques;2010;Monde;Hasbro;;;;;;Édition Monopoly Late for the Sky éditée par Hasbro.;
mono-monopoly-latvia-edition;Non possédé;Monopoly Latvia Edition;Éditions Spéciales & Thématiques;2010;Monde;Hasbro;images/box_mono-monopoly-latvia-edition.jpg;;;;;Édition Monopoly Latvia Edition éditée par Hasbro.;
mono-monopoly-law-order-edition;Non possédé;Monopoly Law & Order Edition;Éditions Spéciales & Thématiques;2010;Monde;Hasbro;images/box_mono-monopoly-law-order-edition.png;;;;;Édition Monopoly Law & Order Edition éditée par Hasbro.;
mono-pop-lotr;Non possédé;Monopoly Le Seigneur des Anneaux (The Lord of the Rings);Films & Séries;2003;Monde / France;Hasbro;;;;;;Inclut l'Anneau Unique avec pion doré spécial, la Terre du Milieu, Mordor, la Comté et Fondcombe.;
mono-monopoly-leeds-edition;Non possédé;Monopoly Leeds Edition;Éditions Spéciales & Thématiques;2010;Monde;Hasbro;images/box_mono-monopoly-leeds-edition.jpg;;;;;Édition Monopoly Leeds Edition éditée par Hasbro.;
mono-monopoly-leeds-private-edition;Non possédé;Monopoly Leeds Private Edition;Éditions Spéciales & Thématiques;2010;Monde;Hasbro;images/box_mono-monopoly-leeds-private-edition.jpg;;;;;Édition Monopoly Leeds Private Edition éditée par Hasbro.;
mono-monopoly-legend-of-zelda-edition;Non possédé;Monopoly Legend of Zelda Edition;Jeux Vidéo;2010;Monde;Hasbro;images/box_mono-monopoly-legend-of-zelda-edition.jpg;;;;;Édition Monopoly Legend of Zelda Edition éditée par Hasbro.;
mono-monopoly-leipzig-edition;Non possédé;Monopoly Leipzig Edition;Éditions Spéciales & Thématiques;2010;Monde;Hasbro;images/box_mono-monopoly-leipzig-edition.jpg;;;;;Édition Monopoly Leipzig Edition éditée par Hasbro.;
mono-manga-tintin;Non possédé;Monopoly Les Aventures de Tintin;Anime & Manga;2007;Belgique / France;Winning Moves / Moulinsart;;;;;;Château de Moulinsart, la fusée lunaire, le Crabe aux pinces d'or, pions Milou, Capitaine Haddock, Tintin.;
mono-pop-the-simpsons;Non possédé;Monopoly Les Simpson (The Simpsons);Films & Séries;2001;Monde / France;USAopoly / Hasbro;images/mono-pop-the-simpsons.jpg;;;;;Springfield, la centrale nucléaire de M. Burns, le bar de Moe, la maison des Simpson et pions spéciaux.;
mono-monopoly-letterkenny-opoly;Non possédé;Monopoly Letterkenny Opoly;Éditions Spéciales & Thématiques;2010;Monde;Hasbro;images/box_mono-monopoly-letterkenny-opoly.jpg;;;;;Édition Monopoly Letterkenny Opoly éditée par Hasbro.;
mono-monopoly-lexington-edition;Non possédé;Monopoly Lexington Edition;Éditions Spéciales & Thématiques;2010;Monde;Hasbro;images/box_mono-monopoly-lexington-edition.png;;;;;Édition Monopoly Lexington Edition éditée par Hasbro.;
mono-monopoly-library-edition;Non possédé;Monopoly Library Edition;Éditions Spéciales & Thématiques;2010;Monde;Hasbro;images/box_mono-monopoly-library-edition.jpg;;;;;Édition Monopoly Library Edition éditée par Hasbro.;
mono-monopoly-light-blue-color-group-properties;Non possédé;Monopoly Light Blue Color Group Properties;Éditions Spéciales & Thématiques;2010;Monde;Hasbro;images/box_mono-monopoly-light-blue-color-group-properties.png;;;;;Édition Monopoly Light Blue Color Group Properties éditée par Hasbro.;
mono-monopoly-light-purple-color-group-properties;Non possédé;Monopoly Light Purple Color Group Properties;Éditions Spéciales & Thématiques;2010;Monde;Hasbro;;;;;;Édition Monopoly Light Purple Color Group Properties éditée par Hasbro.;
mono-monopoly-lighthouse-opoly;Non possédé;Monopoly Lighthouse-opoly;Éditions Spéciales & Thématiques;2010;Monde;Hasbro;images/box_mono-monopoly-lighthouse-opoly.jpg;;;;;Édition Monopoly Lighthouse-opoly éditée par Hasbro.;
mono-ville-lille;Non possédé;Monopoly Lille;Villes & Régions (France);2003;France;Winning Moves;;;;;;Grand'Place, Vieille Bourse, Citadelle Vauban, Palais des Beaux-Arts et Braderie de Lille.;
mono-monopoly-lilo-stitch-edition;Non possédé;Monopoly Lilo & Stitch Edition;Éditions Spéciales & Thématiques;2010;Monde;Hasbro;images/box_mono-monopoly-lilo-stitch-edition.jpg;;;;;Édition Monopoly Lilo & Stitch Edition éditée par Hasbro.;
mono-monopoly-limited-edition-tokens-edition;Non possédé;Monopoly Limited Edition Tokens Edition;Éditions Spéciales & Thématiques;2010;Monde;Hasbro;;;;;;Édition Monopoly Limited Edition Tokens Edition éditée par Hasbro.;
mono-monopoly-littlest-pet-shop-edition;Non possédé;Monopoly Littlest Pet shop Edition;Variantes & Règles Spéciales;2007;Monde;Hasbro;images/box_mono-monopoly-littlest-pet-shop-edition.jpg;;;;;Édition Monopoly Littlest Pet shop Edition éditée par Hasbro.;
mono-live-2011;Non possédé;Monopoly Live;Variantes & Règles Spéciales;2011;France / Monde;Hasbro;;;;;;Tour de contrôle centrale infrarouge qui observe les mouvements de dés, parle aux joueurs, gère les enchères et les événements météo en direct.;
mono-monopoly-live-edition;Non possédé;Monopoly Live Edition;Variantes & Règles Spéciales;2010;Monde;Hasbro;images/box_mono-monopoly-live-edition.jpg;;;;;Édition Monopoly Live Edition éditée par Hasbro.;
mono-monopoly-liverpool-edition;Non possédé;Monopoly Liverpool Edition;Variantes & Règles Spéciales;2000;Royaume-Uni;Winning Moves;images/box_mono-monopoly-liverpool-edition.jpg;;;;;Édition Monopoly Liverpool Edition éditée par Winning Moves.;
mono-monopoly-liverpool-f-c-edition;Non possédé;Monopoly Liverpool F.C. Edition;Variantes & Règles Spéciales;2007;Royaume-Uni;Winning Moves;images/box_mono-monopoly-liverpool-f-c-edition.jpg;;;;;Édition Monopoly Liverpool F.C. Edition éditée par Winning Moves.;
mono-monopoly-liverpool-champions-of-europe-edition;Non possédé;Monopoly Liverpool: Champions of Europe Edition;Variantes & Règles Spéciales;2005;Royaume-Uni;Winning Moves;images/box_mono-monopoly-liverpool-champions-of-europe-edition.jpg;;;;;Édition Monopoly Liverpool: Champions of Europe Edition éditée par Winning Moves.;
mono-monopoly-ljutomerske-gorice-property;Non possédé;Monopoly Ljutomerske gorice (Property);Éditions Spéciales & Thématiques;2010;Monde;Hasbro;images/box_mono-monopoly-ljutomerske-gorice-property.jpg;;;;;Édition Monopoly Ljutomerske gorice (Property) éditée par Hasbro.;
mono-city-london;Non possédé;Monopoly London (Classic UK);Villes & Pays (Monde);1936;Royaume-Uni;Waddingtons / Hasbro;;;;;;Le légendaire plateau britannique d'origine : Mayfair, Park Lane, Piccadilly, Trafalgar Square.;
mono-monopoly-long-beach-edition;Non possédé;Monopoly Long Beach Edition;Éditions Spéciales & Thématiques;2010;Monde;Hasbro;images/box_mono-monopoly-long-beach-edition.png;;;;;Édition Monopoly Long Beach Edition éditée par Hasbro.;
mono-longest-game;Non possédé;Monopoly Longest Game Ever;Variantes & Règles Spéciales;2019;Monde;Hasbro;images/mono-longest-game.webp;;;;;Plateau géant de 66 propriétés, un seul dé, la partie ne s'arrête que quand quelqu'un possède TOUTES les propriétés.;
mono-monopoly-longest-game-ever-edition;Non possédé;Monopoly Longest Game Ever Edition;Variantes & Règles Spéciales;2010;Monde;Hasbro;images/box_mono-monopoly-longest-game-ever-edition.png;;;;;Édition Monopoly Longest Game Ever Edition éditée par Hasbro.;
mono-monopoly-looney-tunes-collector-s-edition;Non possédé;Monopoly Looney Tunes Collector's Edition;Variantes & Règles Spéciales;1999;Monde;Hasbro;images/box_mono-monopoly-looney-tunes-collector-s-edition.jpg;;;;;Édition Monopoly Looney Tunes Collector's Edition éditée par Hasbro.;
mono-monopoly-looney-tunes-edition;Non possédé;Monopoly Looney Tunes Edition;Films & Séries;2010;Monde;Hasbro;;;;;;Édition Monopoly Looney Tunes Edition éditée par Hasbro.;
mono-monopoly-lord-of-the-rings-trilogy-edition;Non possédé;Monopoly Lord of the Rings Trilogy Edition;Films & Séries;2010;Monde;Hasbro;images/box_mono-monopoly-lord-of-the-rings-trilogy-edition.jpg;;;;;Édition Monopoly Lord of the Rings Trilogy Edition éditée par Hasbro.;
mono-monopoly-los-angeles-dodgers-collector-s-edition;Non possédé;Monopoly Los Angeles Dodgers Collector's Edition;Villes & Pays (Monde);2010;Monde;Hasbro;images/box_mono-monopoly-los-angeles-dodgers-collector-s-edition.jpg;;;;;Édition Monopoly Los Angeles Dodgers Collector's Edition éditée par Hasbro.;
mono-monopoly-los-angeles-dodgers-edition;Non possédé;Monopoly Los Angeles Dodgers Edition;Villes & Pays (Monde);2010;Monde;Hasbro;;;;;;Édition Monopoly Los Angeles Dodgers Edition éditée par Hasbro.;
mono-manga-luckyluke;Non possédé;Monopoly Lucky Luke;Anime & Manga;2016;France / Belgique;Winning Moves;;;;;;Le Far West de Lucky Luke, Jolly Jumper, Rantanplan et les quatre frères Dalton (Joe, William, Jack, Averell).;
mono-monopoly-luxury-edition;Non possédé;Monopoly Luxury Edition;Variantes & Règles Spéciales;2010;USA;Hasbro;images/box_mono-monopoly-luxury-edition.jpg;;;;;Édition Monopoly Luxury Edition éditée par Hasbro.;
mono-ville-lyon;Non possédé;Monopoly Lyon;Villes & Régions (France);2002;France;Winning Moves;;;;;;Les hauts lieux lyonnais : Place Bellecour, Basilique de Fourvière, Parc de la Tête d'Or, Vieux Lyon.;
mono-monopoly-m-m-s-edition;Non possédé;Monopoly M & M's Edition;Éditions Spéciales & Thématiques;2010;Monde;Hasbro;;;;;;Édition Monopoly M & M's Edition éditée par Hasbro.;
mono-monopoly-m-m-s-collector-s-edition;Non possédé;Monopoly M&M's Collector's Edition;Éditions Spéciales & Thématiques;2010;Monde;Hasbro;images/box_mono-monopoly-m-m-s-collector-s-edition.jpg;;;;;Édition Monopoly M&M's Collector's Edition éditée par Hasbro.;
mono-city-madrid;Non possédé;Monopoly Madrid;Villes & Pays (Monde);2004;Espagne;Hasbro;;;;;;Puerta del Sol, Gran Vía, Plaza Mayor, Parc du Retiro, Musée du Prado et Palais Royal.;
mono-monopoly-magnit-junior-edition;Non possédé;Monopoly Magnit Junior Edition;Junior & Enfants;2010;Monde;Hasbro;images/box_mono-monopoly-magnit-junior-edition.jpg;;;;;Édition Monopoly Magnit Junior Edition éditée par Hasbro.;
mono-monopoly-magnit-monopoly;Non possédé;Monopoly Magnit Monopoly;Éditions Spéciales & Thématiques;2010;Monde;Hasbro;;;;;;Édition Monopoly Magnit Monopoly éditée par Hasbro.;
mono-monopoly-main-line-pennsylvania-edition;Non possédé;Monopoly Main Line (Pennsylvania) Edition;Éditions Spéciales & Thématiques;2010;Monde;Hasbro;images/box_mono-monopoly-main-line-pennsylvania-edition.png;;;;;Édition Monopoly Main Line (Pennsylvania) Edition éditée par Hasbro.;
mono-monopoly-main-page;Non possédé;Monopoly Main Page;Éditions Spéciales & Thématiques;2010;Monde;Hasbro;images/box_mono-monopoly-main-page.jpg;;;;;Édition Monopoly Main Page éditée par Hasbro.;
mono-monopoly-major-league-baseball-collector-s-edition;Non possédé;Monopoly Major League Baseball Collector's Edition;Marques & Sports;2010;Monde;Hasbro;images/box_mono-monopoly-major-league-baseball-collector-s-edition.jpg;;;;;Édition Monopoly Major League Baseball Collector's Edition éditée par Hasbro.;
mono-monopoly-major-league-baseball-edition;Non possédé;Monopoly Major League Baseball Edition;Marques & Sports;2010;Monde;Hasbro;;;;;;Édition Monopoly Major League Baseball Edition éditée par Hasbro.;
mono-monopoly-make-your-own-opoly;Non possédé;Monopoly Make Your Own -Opoly;Éditions Spéciales & Thématiques;2010;Monde;Hasbro;;;;;;Édition Monopoly Make Your Own -Opoly éditée par Hasbro.;
mono-monopoly-make-your-own-monopoly;Non possédé;Monopoly Make Your Own Monopoly;Éditions Spéciales & Thématiques;2010;Monde;Hasbro;;;;;;Édition Monopoly Make Your Own Monopoly éditée par Hasbro.;
mono-monopoly-make-your-own-opoly-1;Non possédé;Monopoly Make Your Own Opoly;Variantes & Règles Spéciales;1998;Monde;Hasbro;images/box_mono-monopoly-make-your-own-opoly-1.jpg;;;;;Édition Monopoly Make Your Own Opoly éditée par Hasbro.;
mono-monopoly-making-music;Non possédé;Monopoly Making Music;Musique & Groupes;2010;Monde;Hasbro;;;;;;Édition Monopoly Making Music éditée par Hasbro.;
mono-club-manutd;Non possédé;Monopoly Manchester United;Marques & Sports;2015;Royaume-Uni / International;Winning Moves;;;;;;Old Trafford (The Theatre of Dreams), Sir Alex Ferguson Stand et légendes des Red Devils.;
mono-monopoly-manchester-united-f-c-edition;Non possédé;Monopoly Manchester United F.C. Edition;Marques & Sports;2010;Monde;Hasbro;images/box_mono-monopoly-manchester-united-f-c-edition.jpg;;;;;Édition Monopoly Manchester United F.C. Edition éditée par Hasbro.;
mono-monopoly-manhattan-beach-edition;Non possédé;Monopoly Manhattan Beach Edition;Éditions Spéciales & Thématiques;2010;Monde;Hasbro;images/box_mono-monopoly-manhattan-beach-edition.png;;;;;Édition Monopoly Manhattan Beach Edition éditée par Hasbro.;
mono-monopoly-margaret-river-wooditjup-edition;Non possédé;Monopoly Margaret River Wooditjup Edition;Éditions Spéciales & Thématiques;2010;Monde;Hasbro;images/box_mono-monopoly-margaret-river-wooditjup-edition.jpg;;;;;Édition Monopoly Margaret River Wooditjup Edition éditée par Hasbro.;
mono-monopoly-marines-250th-anniversary-edition;Non possédé;Monopoly Marines 250th Anniversary Edition;Classique & Anniversaire;2010;Monde;Hasbro;images/box_mono-monopoly-marines-250th-anniversary-edition.png;;;;;Édition Monopoly Marines 250th Anniversary Edition éditée par Hasbro.;
mono-ville-marseille;Non possédé;Monopoly Marseille;Villes & Régions (France);2001;France;Winning Moves;;;;;;Vieux-Port, Basilique Notre-Dame de la Garde, Stade Vélodrome, les Calanques et la Canebière.;
mono-monopoly-marvel-universe-edition;Non possédé;Monopoly Marvel (Universe) Edition;Films & Séries;2010;Monde;Hasbro;images/box_mono-monopoly-marvel-universe-edition.jpg;;;;;Édition Monopoly Marvel (Universe) Edition éditée par Hasbro.;
mono-pop-marvel-avengers;Non possédé;Monopoly Marvel Avengers;Films & Séries;2019;Monde / France;Hasbro;images/mono-pop-marvel-avengers.jpg;;;;;Recrutez des héros Marvel au lieu d'acheter des rues pour sauver l'univers de Thanos.;
mono-monopoly-marvel-avengers-80-years-anniversary-edit;Non possédé;Monopoly Marvel Avengers 80 Years Anniversary Edition;Films & Séries;2010;Monde;Hasbro;images/box_mono-monopoly-marvel-avengers-80-years-anniversary-edit.jpg;;;;;Édition Monopoly Marvel Avengers 80 Years Anniversary Edition éditée par Hasbro.;
mono-monopoly-marvel-avengers-edition;Non possédé;Monopoly Marvel Avengers Edition;Films & Séries;2010;Monde;Hasbro;images/box_mono-monopoly-marvel-avengers-edition.jpg;;;;;Édition Monopoly Marvel Avengers Edition éditée par Hasbro.;
mono-monopoly-marvel-comics-collector-s-edition;Non possédé;Monopoly Marvel Comics Collector's Edition;Films & Séries;2010;Monde;Hasbro;images/box_mono-monopoly-marvel-comics-collector-s-edition.jpg;;;;;Édition Monopoly Marvel Comics Collector's Edition éditée par Hasbro.;
mono-monopoly-marvel-comics-collector-s-edition-1999;Non possédé;Monopoly Marvel Comics Collector's Edition 1999;Films & Séries;1999;Monde;Hasbro;images/box_mono-monopoly-marvel-comics-collector-s-edition-1999.jpg;;;;;Édition Monopoly Marvel Comics Collector's Edition 1999 éditée par Hasbro.;
mono-monopoly-marvel-comics-edition;Non possédé;Monopoly Marvel Comics Edition;Films & Séries;2010;Monde;Hasbro;images/box_mono-monopoly-marvel-comics-edition.jpg;;;;;Édition Monopoly Marvel Comics Edition éditée par Hasbro.;
mono-monopoly-marvel-deadpool-collector-s-edition;Non possédé;Monopoly Marvel Deadpool Collector's Edition;Films & Séries;2010;Monde;Hasbro;images/box_mono-monopoly-marvel-deadpool-collector-s-edition.jpg;;;;;Édition Monopoly Marvel Deadpool Collector's Edition éditée par Hasbro.;
mono-monopoly-marvel-deadpool-edition;Non possédé;Monopoly Marvel Deadpool Edition;Films & Séries;2010;Monde;Hasbro;images/box_mono-monopoly-marvel-deadpool-edition.jpg;;;;;Édition Monopoly Marvel Deadpool Edition éditée par Hasbro.;
mono-monopoly-marvel-go;Non possédé;Monopoly Marvel Go;Films & Séries;2010;Monde;Hasbro;;;;;;Édition Monopoly Marvel Go éditée par Hasbro.;
mono-monopoly-marvel-heroes-collector-s-edition;Non possédé;Monopoly Marvel Heroes Collector's Edition;Films & Séries;2010;Monde;Hasbro;images/box_mono-monopoly-marvel-heroes-collector-s-edition.jpg;;;;;Édition Monopoly Marvel Heroes Collector's Edition éditée par Hasbro.;
mono-monopoly-marvel-spider-man-collector-s-edition;Non possédé;Monopoly Marvel Spider-Man Collector's Edition;Films & Séries;2010;Monde;Hasbro;images/box_mono-monopoly-marvel-spider-man-collector-s-edition.jpg;;;;;Édition Monopoly Marvel Spider-Man Collector's Edition éditée par Hasbro.;
mono-monopoly-marvel-studios-eternals-edition;Non possédé;Monopoly Marvel Studios' Eternals Edition;Films & Séries;2010;Monde;Hasbro;images/box_mono-monopoly-marvel-studios-eternals-edition.jpg;;;;;Édition Monopoly Marvel Studios' Eternals Edition éditée par Hasbro.;
mono-monopoly-marvel-the-avengers-edition;Non possédé;Monopoly Marvel The Avengers Edition;Films & Séries;2010;Monde;Hasbro;images/box_mono-monopoly-marvel-the-avengers-edition.jpg;;;;;Édition Monopoly Marvel The Avengers Edition éditée par Hasbro.;
mono-monopoly-marvel-universe-edition-1;Non possédé;Monopoly Marvel Universe Edition;Films & Séries;2010;Monde;Hasbro;images/box_mono-monopoly-marvel-universe-edition-1.jpg;;;;;Édition Monopoly Marvel Universe Edition éditée par Hasbro.;
mono-monopoly-mass-effect-custom-set;Non possédé;Monopoly Mass Effect Custom Set;Éditions Spéciales & Thématiques;2010;Monde;Hasbro;images/box_mono-monopoly-mass-effect-custom-set.jpg;;;;;Édition Monopoly Mass Effect Custom Set éditée par Hasbro.;
mono-monopoly-master-boardgame-list;Non possédé;Monopoly Master Boardgame List;Éditions Spéciales & Thématiques;2010;Monde;Hasbro;;;;;;Édition Monopoly Master Boardgame List éditée par Hasbro.;
mono-bad-losers;Non possédé;Monopoly Mauvais Perdants (Sore Losers);Variantes & Règles Spéciales;2020;France / Monde;Hasbro;images/mono-bad-losers.jpg;;;;;Payer le loyer ou aller en prison vous donne des pièces Mauvais Perdant pour réclamer le pion géant Mr. Monopoly !;
mono-monopoly-mcdonald-s;Non possédé;Monopoly McDonald's;Marques & Sports;2010;Monde;Hasbro;;;;;;Édition Monopoly McDonald's éditée par Hasbro.;
mono-monopoly-mcdonald-s-monopoly;Non possédé;Monopoly McDonald's Monopoly;Variantes & Règles Spéciales;2010;Monde;Hasbro;images/box_mono-monopoly-mcdonald-s-monopoly.jpg;;;;;Édition Monopoly McDonald's Monopoly éditée par Hasbro.;
mono-monopoly-melbourne-airport;Non possédé;Monopoly Melbourne Airport;Éditions Spéciales & Thématiques;2010;Monde;Hasbro;;;;;;Édition Monopoly Melbourne Airport éditée par Hasbro.;
mono-monopoly-melbourne-edition;Non possédé;Monopoly Melbourne Edition;Films & Séries;2007;Australie;Hasbro;images/box_mono-monopoly-melbourne-edition.jpg;;;;;Édition Monopoly Melbourne Edition éditée par Hasbro.;
mono-monopoly-memphis-edition;Non possédé;Monopoly Memphis Edition;Éditions Spéciales & Thématiques;2010;Monde;Hasbro;images/box_mono-monopoly-memphis-edition.png;;;;;Édition Monopoly Memphis Edition éditée par Hasbro.;
mono-music-metallica;Non possédé;Monopoly Metallica Collector's Edition;Musique & Groupes;2011;Monde;USAopoly;images/mono-music-metallica.jpg;;;;;Master of Puppets, Ride the Lightning, Black Album avec pions serpent de Don't Tread on Me, marteau de Kill 'Em All.;
mono-monopoly-metropoly-games;Non possédé;Monopoly MetrOpoly Games;Éditions Spéciales & Thématiques;2010;Monde;Hasbro;images/box_mono-monopoly-metropoly-games.jpg;;;;;Édition Monopoly MetrOpoly Games éditée par Hasbro.;
mono-monopoly-michael-graves-design-edition;Non possédé;Monopoly Michael Graves Design Edition;Éditions Spéciales & Thématiques;2010;Monde;Hasbro;images/box_mono-monopoly-michael-graves-design-edition.jpg;;;;;Édition Monopoly Michael Graves Design Edition éditée par Hasbro.;
mono-monopoly-michael-jackson-edition;Non possédé;Monopoly Michael Jackson Edition;Éditions Spéciales & Thématiques;2010;Monde;Hasbro;images/box_mono-monopoly-michael-jackson-edition.jpg;;;;;Édition Monopoly Michael Jackson Edition éditée par Hasbro.;
mono-monopoly-mickey-mouse-75th-anniversary-collector-s;Non possédé;Monopoly Mickey Mouse 75th Anniversary Collector's Edition;Classique & Anniversaire;2010;Monde;Hasbro;images/box_mono-monopoly-mickey-mouse-75th-anniversary-collector-s.jpg;;;;;Édition Monopoly Mickey Mouse 75th Anniversary Collector's Edition éditée par Hasbro.;
mono-monopoly-middleton;Non possédé;Monopoly Middleton;Éditions Spéciales & Thématiques;2010;Monde;Hasbro;images/box_mono-monopoly-middleton.jpg;;;;;Édition Monopoly Middleton éditée par Hasbro.;
mono-monopoly-milestone-events;Non possédé;Monopoly Milestone Events;Éditions Spéciales & Thématiques;2010;Monde;Hasbro;;;;;;Édition Monopoly Milestone Events éditée par Hasbro.;
mono-monopoly-millionaire;Non possédé;Monopoly Millionaire;Variantes & Règles Spéciales;2010;Monde;Hasbro;images/box_mono-monopoly-millionaire.jpg;;;;;Édition Monopoly Millionaire éditée par Hasbro.;
mono-monopoly-millionaire-s-club;Non possédé;Monopoly Millionaire's Club;Variantes & Règles Spéciales;2010;Monde;Hasbro;images/box_mono-monopoly-millionaire-s-club.png;;;;;Édition Monopoly Millionaire's Club éditée par Hasbro.;
mono-monopoly-millionaires-club-tv-game-show;Non possédé;Monopoly Millionaires' Club (TV game show);Variantes & Règles Spéciales;2010;Monde;Hasbro;images/box_mono-monopoly-millionaires-club-tv-game-show.jpg;;;;;Édition Monopoly Millionaires' Club (TV game show) éditée par Hasbro.;
mono-millionnaire;Non possédé;Monopoly Millionnaire;Variantes & Règles Spéciales;2012;France / Monde;Hasbro;;;;;;Course au premier million : le premier joueur qui réussit à amasser 1 000 000 € gagne immédiatement ! Pions évolutifs (bateau, limousine, jet privé).;
mono-vg-minecraft;Non possédé;Monopoly Minecraft;Jeux Vidéo;2021;Monde;Hasbro;;;;;;Monde cubique : minez des ressources (bois, pierre, fer, diamant) et construisez vos abris.;
mono-monopoly-minnesota-vikings-monopoly;Non possédé;Monopoly Minnesota Vikings Monopoly;Éditions Spéciales & Thématiques;2010;Monde;Hasbro;;;;;;Édition Monopoly Minnesota Vikings Monopoly éditée par Hasbro.;
mono-monopoly-mobile-edition;Non possédé;Monopoly Mobile Edition;Éditions Spéciales & Thématiques;2010;Monde;Hasbro;;;;;;Édition Monopoly Mobile Edition éditée par Hasbro.;
mono-monopoly-mobile-al-edition;Non possédé;Monopoly Mobile, AL Edition;Éditions Spéciales & Thématiques;2010;Monde;Hasbro;images/box_mono-monopoly-mobile-al-edition.png;;;;;Édition Monopoly Mobile, AL Edition éditée par Hasbro.;
mono-monopoly-mom-s-car;Non possédé;Monopoly Mom's Car;Éditions Spéciales & Thématiques;2010;Monde;Hasbro;;;;;;Édition Monopoly Mom's Car éditée par Hasbro.;
mono-monopoly-money;Non possédé;Monopoly Money;Éditions Spéciales & Thématiques;2010;Monde;Hasbro;images/box_mono-monopoly-money.jpg;;;;;Édition Monopoly Money éditée par Hasbro.;
mono-monopoly-monoopoly-american-edition;Non possédé;Monopoly Monoopoly American edition;Éditions Spéciales & Thématiques;2010;USA;Hasbro;;;;;;Édition Monopoly Monoopoly American edition éditée par Hasbro.;
mono-monopoly-monopoli;Non possédé;Monopoly Monopoli;Éditions Spéciales & Thématiques;2010;Monde;Hasbro;;;;;;Édition Monopoly Monopoli éditée par Hasbro.;
mono-monopoly-monopolist-cards;Non possédé;Monopoly Monopolist Cards;Éditions Spéciales & Thématiques;2010;Monde;Hasbro;;;;;;Édition Monopoly Monopolist Cards éditée par Hasbro.;
mono-monopoly-monster-jam-edition;Non possédé;Monopoly Monster Jam Edition;Éditions Spéciales & Thématiques;2010;Monde;Hasbro;images/box_mono-monopoly-monster-jam-edition.png;;;;;Édition Monopoly Monster Jam Edition éditée par Hasbro.;
mono-ville-montpellier;Non possédé;Monopoly Montpellier;Villes & Régions (France);2004;France;Winning Moves;;;;;;Place de la Comédie, Promenade du Peyrou, Quartier Antigone et Faculté de Médecine.;
mono-city-montreal;Non possédé;Monopoly Montréal;Villes & Pays (Monde);2003;Canada;Hasbro;;;;;;Vieux-Port, Mont-Royal, Basilique Notre-Dame, Sainte-Catherine, Place des Arts et poutine.;
mono-region-morbihan;Non possédé;Monopoly Morbihan;Villes & Régions (France);2011;France;Winning Moves;;;;;;Golfe du Morbihan, mégalithes de Carnac, presqu'île de Quiberon, Vannes, Belle-Île-en-Mer.;
mono-monopoly-mortgage;Non possédé;Monopoly Mortgage;Éditions Spéciales & Thématiques;2010;Monde;Hasbro;images/box_mono-monopoly-mortgage.png;;;;;Édition Monopoly Mortgage éditée par Hasbro.;
mono-monopoly-moto-gp-red-colour-edition;Non possédé;Monopoly Moto GP Red Colour Edition;Éditions Spéciales & Thématiques;2010;Monde;Hasbro;images/box_mono-monopoly-moto-gp-red-colour-edition.jpg;;;;;Édition Monopoly Moto GP Red Colour Edition éditée par Hasbro.;
mono-monopoly-ms-monopoly;Non possédé;Monopoly Ms. Monopoly;Éditions Spéciales & Thématiques;2010;Monde;Hasbro;images/box_mono-monopoly-ms-monopoly.jpg;;;;;Édition Monopoly Ms. Monopoly éditée par Hasbro.;
mono-monopoly-munny;Non possédé;Monopoly Munny;Éditions Spéciales & Thématiques;2010;Monde;Hasbro;;;;;;Édition Monopoly Munny éditée par Hasbro.;
mono-monopoly-munny-1;Non possédé;Monopoly Munny;Éditions Spéciales & Thématiques;2010;Monde;Hasbro;;;;;;Édition Monopoly Munny éditée par Hasbro.;
mono-monopoly-my-disney-villains-collector-s-edition;Non possédé;Monopoly My Disney Villains Collector's Edition;Variantes & Règles Spéciales;2008;USA;USAopoly / The Op;images/box_mono-monopoly-my-disney-villains-collector-s-edition.jpg;;;;;Édition Monopoly My Disney Villains Collector's Edition éditée par USAopoly / The Op.;
mono-manga-mha;Non possédé;Monopoly My Hero Academia;Anime & Manga;2019;Monde / France;USAopoly / Winning Moves;;;;;;Lycée Yuei (U.A. High), recrues de la classe 1-A (Deku, Bakugo, Todoroki) et pions Alter.;
mono-monopoly-my-little-pony-edition;Non possédé;Monopoly My Little Pony Edition;Éditions Spéciales & Thématiques;2010;Monde;Hasbro;images/box_mono-monopoly-my-little-pony-edition.jpg;;;;;Édition Monopoly My Little Pony Edition éditée par Hasbro.;
mono-monopoly-my-monopoly;Non possédé;Monopoly My Monopoly;Éditions Spéciales & Thématiques;2010;Monde;Hasbro;;;;;;Édition Monopoly My Monopoly éditée par Hasbro.;
mono-monopoly-my-national-parks-edition;Non possédé;Monopoly My National Parks Edition;Variantes & Règles Spéciales;2008;USA;USAopoly / The Op;images/box_mono-monopoly-my-national-parks-edition.jpg;;;;;Édition Monopoly My National Parks Edition éditée par USAopoly / The Op.;
mono-brand-nasa;Non possédé;Monopoly NASA (Space Exploration);Marques & Sports;2020;USA / Monde;USAopoly;;;;;;Missions Apollo, navette spatiale, télescope Hubble, rover martien Curiosity et Station Spatiale Internationale.;
mono-monopoly-nascar-collector-s-edition;Non possédé;Monopoly NASCAR Collector's Edition;Marques & Sports;2010;Monde;Hasbro;images/box_mono-monopoly-nascar-collector-s-edition.jpg;;;;;Édition Monopoly NASCAR Collector's Edition éditée par Hasbro.;
mono-monopoly-nascar-edition;Non possédé;Monopoly NASCAR Edition;Marques & Sports;2010;Monde;Hasbro;;;;;;Édition Monopoly NASCAR Edition éditée par Hasbro.;
mono-sport-nba;Non possédé;Monopoly NBA;Marques & Sports;1999;USA / Monde;USAopoly;;;;;;Franchises légendaires (Lakers, Celtics, Bulls, Warriors) avec pion panier de basket et ballon spalding.;
mono-monopoly-nfl-gridiron-limited-edition-1999;Non possédé;Monopoly NFL Gridiron Limited Edition (1999);Marques & Sports;1999;Monde;Hasbro;images/box_mono-monopoly-nfl-gridiron-limited-edition-1999.jpg;;;;;Édition Monopoly NFL Gridiron Limited Edition (1999) éditée par Hasbro.;
mono-monopoly-nfl-official-limited-collector-s-edition;Non possédé;Monopoly NFL Official Limited Collector's Edition;Marques & Sports;1998;USA;Hasbro;images/box_mono-monopoly-nfl-official-limited-collector-s-edition.jpg;;;;;Édition Monopoly NFL Official Limited Collector's Edition éditée par Hasbro.;
mono-ville-nantes;Non possédé;Monopoly Nantes;Villes & Régions (France);2004;France;Winning Moves;;;;;;Château des ducs de Bretagne, Machines de l'Île, Passage Pommeraye, Tour Bretagne.;
mono-monopoly-napa-valley-edition;Non possédé;Monopoly Napa Valley Edition;Éditions Spéciales & Thématiques;2010;Monde;Hasbro;images/box_mono-monopoly-napa-valley-edition.png;;;;;Édition Monopoly Napa Valley Edition éditée par Hasbro.;
mono-monopoly-naruto-junior-edition;Non possédé;Monopoly Naruto Junior Edition;Junior & Enfants;2010;Monde;Hasbro;images/box_mono-monopoly-naruto-junior-edition.jpg;;;;;Édition Monopoly Naruto Junior Edition éditée par Hasbro.;
mono-manga-naruto;Non possédé;Monopoly Naruto Shippuden;Anime & Manga;2020;Monde / France;USAopoly / Winning Moves;;;;;;Village de Konoha, Akatsuki, pions Kunaï, bandeau frontal ninja, nuage de l'Akatsuki, bol de ramen d'Ichiraku.;
mono-monopoly-nashville-edition;Non possédé;Monopoly Nashville Edition;Éditions Spéciales & Thématiques;2010;Monde;Hasbro;images/box_mono-monopoly-nashville-edition.png;;;;;Édition Monopoly Nashville Edition éditée par Hasbro.;
mono-monopoly-national-park-monopoly;Non possédé;Monopoly National Park Monopoly;Éditions Spéciales & Thématiques;2010;Monde;Hasbro;;;;;;Édition Monopoly National Park Monopoly éditée par Hasbro.;
mono-monopoly-national-parks-edition;Non possédé;Monopoly National Parks Edition;Éditions Spéciales & Thématiques;2010;Monde;Hasbro;images/box_mono-monopoly-national-parks-edition.jpg;;;;;Édition Monopoly National Parks Edition éditée par Hasbro.;
mono-monopoly-neon-pop-edition;Non possédé;Monopoly Neon Pop Edition;Éditions Spéciales & Thématiques;2010;Monde;Hasbro;images/box_mono-monopoly-neon-pop-edition.jpg;;;;;Édition Monopoly Neon Pop Edition éditée par Hasbro.;
mono-monopoly-new-town;Non possédé;Monopoly New Town;Éditions Spéciales & Thématiques;2010;Monde;Hasbro;images/box_mono-monopoly-new-town.jpg;;;;;Édition Monopoly New Town éditée par Hasbro.;
mono-city-newyork;Non possédé;Monopoly New York City;Villes & Pays (Monde);1995;USA;USAopoly;;;;;;Times Square, Central Park, Empire State Building, Statue de la Liberté, Wall Street.;
mono-monopoly-new-york-opoly;Non possédé;Monopoly New York-opoly;Villes & Pays (Monde);2010;Monde;Hasbro;images/box_mono-monopoly-new-york-opoly.jpg;;;;;Édition Monopoly New York-opoly éditée par Hasbro.;
mono-monopoly-new-zealand-edition;Non possédé;Monopoly New Zealand Edition;Villes & Pays (Monde);2010;Monde;Hasbro;images/box_mono-monopoly-new-zealand-edition.jpg;;;;;Édition Monopoly New Zealand Edition éditée par Hasbro.;
mono-monopoly-newport-edition;Non possédé;Monopoly Newport Edition;Éditions Spéciales & Thématiques;2010;Monde;Hasbro;images/box_mono-monopoly-newport-edition.png;;;;;Édition Monopoly Newport Edition éditée par Hasbro.;
mono-ville-nice;Non possédé;Monopoly Nice;Villes & Régions (France);2002;France;Winning Moves;;;;;;Promenade des Anglais, Vieux-Nice, Colline du Château, Place Masséna et Baie des Anges.;
mono-vg-nintendo-collector;Non possédé;Monopoly Nintendo Collector's Edition;Jeux Vidéo;2006;USA / Monde;USAopoly;images/mono-vg-nintendo-collector.webp;;;;;Réunit les grandes licences Nintendo : Mario, Donkey Kong, Link, Samus Aran, Fox McCloud, Kirby.;
mono-monopoly-nokia;Non possédé;Monopoly Nokia;Éditions Spéciales & Thématiques;2010;Monde;Hasbro;;;;;;Édition Monopoly Nokia éditée par Hasbro.;
mono-region-nord-pas-de-calais;Non possédé;Monopoly Nord-Pas-de-Calais;Villes & Régions (France);2004;France;Winning Moves;;;;;;Côte d'Opale, Cap Blanc-Nez, Beffrois, bassins miniers, Arras, Dunkerque et traditions ch'tis.;
mono-region-normandie;Non possédé;Monopoly Normandie;Villes & Régions (France);2005;France;Winning Moves;;;;;;Mont-Saint-Michel, Falaises d'Étretat, Plages du Débarquement, Honfleur, Rouen et Deauville.;
mono-monopoly-north-sydney-innovation-edition;Non possédé;Monopoly North Sydney Innovation Edition;Villes & Pays (Monde);2010;Monde;Hasbro;images/box_mono-monopoly-north-sydney-innovation-edition.jpg;;;;;Édition Monopoly North Sydney Innovation Edition éditée par Hasbro.;
mono-nostalgia-tin;Non possédé;Monopoly Nostalgia Tin Edition;Classique & Anniversaire;2001;Monde;Hasbro / Parker Brothers;;;;;;Boîte métallique collector avec graphismes et illustrations rétro des années 1930/1950.;
mono-monopoly-o-w-c-a-secret-headquarters;Non possédé;Monopoly O.W.C.A. Secret Headquarters;Éditions Spéciales & Thématiques;2010;Monde;Hasbro;;;;;;Édition Monopoly O.W.C.A. Secret Headquarters éditée par Hasbro.;
mono-monopoly-oklahoma-city-edition;Non possédé;Monopoly Oklahoma City Edition;Variantes & Règles Spéciales;2010;Monde;Hasbro;images/box_mono-monopoly-oklahoma-city-edition.png;;;;;Édition Monopoly Oklahoma City Edition éditée par Hasbro.;
mono-monopoly-old-town;Non possédé;Monopoly Old Town;Éditions Spéciales & Thématiques;2010;Monde;Hasbro;images/box_mono-monopoly-old-town.jpg;;;;;Édition Monopoly Old Town éditée par Hasbro.;
mono-club-om;Non possédé;Monopoly Olympique de Marseille (OM);Marques & Sports;2011;France;Winning Moves;;;;;;Stade Vélodrome, Centre Robert Louis-Dreyfus, virages Nord et Sud, vainqueurs de la Ligue des Champions 1993.;
mono-monopoly-omaha-edition;Non possédé;Monopoly Omaha Edition;Éditions Spéciales & Thématiques;2010;Monde;Hasbro;images/box_mono-monopoly-omaha-edition.png;;;;;Édition Monopoly Omaha Edition éditée par Hasbro.;
mono-manga-one-piece;Non possédé;Monopoly One Piece;Anime & Manga;2018;Monde / France;Winning Moves;images/mono-manga-one-piece.webp;;;;;L'Équipage du Chapeau de Paille à Dressrosa, pions Chapeau de Luffy, sabre de Zoro, Thousand Sunny.;
mono-monopoly-one-piece-edition;Non possédé;Monopoly One Piece Edition;Anime & Manga;2010;Monde;Hasbro;images/box_mono-monopoly-one-piece-edition.png;;;;;Édition Monopoly One Piece Edition éditée par Hasbro.;
mono-monopoly-onyx-edition;Non possédé;Monopoly Onyx Edition;Éditions Spéciales & Thématiques;2010;Monde;Hasbro;images/box_mono-monopoly-onyx-edition.jpg;;;;;Édition Monopoly Onyx Edition éditée par Hasbro.;
mono-monopoly-op-games;Non possédé;Monopoly Op Games;Éditions Spéciales & Thématiques;2010;Monde;Hasbro;;;;;;Édition Monopoly Op Games éditée par Hasbro.;
mono-monopoly-orange-color-group-properties;Non possédé;Monopoly Orange Color Group Properties;Éditions Spéciales & Thématiques;2010;Monde;Hasbro;images/box_mono-monopoly-orange-color-group-properties.png;;;;;Édition Monopoly Orange Color Group Properties éditée par Hasbro.;
mono-monopoly-original-squishmallows-collector-s-editio;Non possédé;Monopoly Original Squishmallows Collector's Edition;Classique & Anniversaire;2010;Monde;Hasbro;images/box_mono-monopoly-original-squishmallows-collector-s-editio.png;;;;;Édition Monopoly Original Squishmallows Collector's Edition éditée par Hasbro.;
mono-monopoly-origins;Non possédé;Monopoly Origins;Éditions Spéciales & Thématiques;2010;Monde;Hasbro;;;;;;Édition Monopoly Origins éditée par Hasbro.;
mono-monopoly-other-games-based-on-monopoly;Non possédé;Monopoly Other games based on Monopoly;Éditions Spéciales & Thématiques;2010;Monde;Hasbro;images/box_mono-monopoly-other-games-based-on-monopoly.jpg;;;;;Édition Monopoly Other games based on Monopoly éditée par Hasbro.;
mono-vg-overwatch;Non possédé;Monopoly Overwatch Collector's Edition;Jeux Vidéo;2019;Monde;Hasbro;;;;;;Rassemblez une équipe de 6 héros parmi D.Va, Lúcio, Tracer, Faucheur, Winston et Hanzo.;
mono-monopoly-oxford-street;Non possédé;Monopoly Oxford Street;Marques & Sports;2010;Monde;Hasbro;images/box_mono-monopoly-oxford-street.jpg;;;;;Édition Monopoly Oxford Street éditée par Hasbro.;
mono-monopoly-oxygen;Non possédé;Monopoly Oxygen;Éditions Spéciales & Thématiques;2010;Monde;Hasbro;;;;;;Édition Monopoly Oxygen éditée par Hasbro.;
mono-monopoly-prd-real-estate;Non possédé;Monopoly PRD Real Estate;Éditions Spéciales & Thématiques;2010;Monde;Hasbro;images/box_mono-monopoly-prd-real-estate.png;;;;;Édition Monopoly PRD Real Estate éditée par Hasbro.;
mono-monopoly-palm-springs-edition;Non possédé;Monopoly Palm Springs Edition;Éditions Spéciales & Thématiques;2010;Monde;Hasbro;images/box_mono-monopoly-palm-springs-edition.png;;;;;Édition Monopoly Palm Springs Edition éditée par Hasbro.;
mono-ville-paris;Non possédé;Monopoly Paris (Monuments);Villes & Régions (France);2000;France;Winning Moves / Hasbro;;;;;;Achetez la Tour Eiffel, le Musée du Louvre, Notre-Dame, Montmartre et les Champs-Élysées.;
mono-club-psg;Non possédé;Monopoly Paris Saint-Germain (PSG);Marques & Sports;2014;France;Winning Moves;;;;;;Le Parc des Princes, les tribunes Auteuil et Boulogne, les joueurs et les trophées légendaires du PSG.;
mono-monopoly-park-city-edition;Non possédé;Monopoly Park City Edition;Variantes & Règles Spéciales;2010;Monde;Hasbro;images/box_mono-monopoly-park-city-edition.jpg;;;;;Édition Monopoly Park City Edition éditée par Hasbro.;
mono-monopoly-parker-brothers;Non possédé;Monopoly Parker Brothers;Éditions Spéciales & Thématiques;2010;Monde;Parker Brothers;;;;;;Édition Monopoly Parker Brothers éditée par Parker Brothers.;
mono-monopoly-parks-and-recreation-edition;Non possédé;Monopoly Parks and Recreation Edition;Éditions Spéciales & Thématiques;2010;Monde;Hasbro;images/box_mono-monopoly-parks-and-recreation-edition.png;;;;;Édition Monopoly Parks and Recreation Edition éditée par Hasbro.;
mono-monopoly-partner-events;Non possédé;Monopoly Partner Events;Éditions Spéciales & Thématiques;2010;Monde;Hasbro;;;;;;Édition Monopoly Partner Events éditée par Hasbro.;
mono-monopoly-party;Non possédé;Monopoly Party;Variantes & Règles Spéciales;2010;Monde;Hasbro;images/box_mono-monopoly-party.jpg;;;;;Édition Monopoly Party éditée par Hasbro.;
mono-region-pays-basque;Non possédé;Monopoly Pays Basque;Villes & Régions (France);2006;France;Winning Moves;;;;;;Biarritz, Saint-Jean-de-Luz, Bayonne, Espelette, la Rhune et les traditions basques.;
mono-pop-peaky-blinders;Non possédé;Monopoly Peaky Blinders;Films & Séries;2020;Royaume-Uni / France;Winning Moves;;;;;;Birmingham dans les années 1920 : Garrison Tavern, Shelby Company Limited, pions casquette gavroche, fer à cheval.;
mono-monopoly-peanuts-edition;Non possédé;Monopoly Peanuts Edition;Éditions Spéciales & Thématiques;2010;Monde;Hasbro;images/box_mono-monopoly-peanuts-edition.png;;;;;Édition Monopoly Peanuts Edition éditée par Hasbro.;
mono-monopoly-penguin;Non possédé;Monopoly Penguin;Éditions Spéciales & Thématiques;2010;Monde;Hasbro;images/box_mono-monopoly-penguin.png;;;;;Édition Monopoly Penguin éditée par Hasbro.;
mono-monopoly-penrith-edition;Non possédé;Monopoly Penrith Edition;Éditions Spéciales & Thématiques;2010;Monde;Hasbro;images/box_mono-monopoly-penrith-edition.jpg;;;;;Édition Monopoly Penrith Edition éditée par Hasbro.;
mono-monopoly-phineas-and-ferb-edition;Non possédé;Monopoly Phineas and Ferb Edition;Variantes & Règles Spéciales;2012;USA;USAopoly / The Op;images/box_mono-monopoly-phineas-and-ferb-edition.png;;;;;Édition Monopoly Phineas and Ferb Edition éditée par USAopoly / The Op.;
mono-monopoly-phineas-and-ferb-s-backyard;Non possédé;Monopoly Phineas and Ferb's Backyard;Éditions Spéciales & Thématiques;2010;Monde;Hasbro;;;;;;Édition Monopoly Phineas and Ferb's Backyard éditée par Hasbro.;
mono-monopoly-photo-opoly;Non possédé;Monopoly Photo-opoly;Éditions Spéciales & Thématiques;2010;Monde;Hasbro;images/box_mono-monopoly-photo-opoly.jpg;;;;;Édition Monopoly Photo-opoly éditée par Hasbro.;
mono-monopoly-pink-color-group-properties;Non possédé;Monopoly Pink Color Group Properties;Éditions Spéciales & Thématiques;2010;Monde;Hasbro;images/box_mono-monopoly-pink-color-group-properties.png;;;;;Édition Monopoly Pink Color Group Properties éditée par Hasbro.;
mono-monopoly-pirates-of-the-caribbean-collector-s-edit;Non possédé;Monopoly Pirates of the Caribbean Collector's Edition;Variantes & Règles Spéciales;2006;USA;USAopoly / The Op;images/box_mono-monopoly-pirates-of-the-caribbean-collector-s-edit.jpg;;;;;Édition Monopoly Pirates of the Caribbean Collector's Edition éditée par USAopoly / The Op.;
mono-monopoly-pirates-of-the-caribbean-on-stranger-tide;Non possédé;Monopoly Pirates of the Caribbean On Stranger Tides Collector's Edition;Éditions Spéciales & Thématiques;2010;Monde;Hasbro;images/box_mono-monopoly-pirates-of-the-caribbean-on-stranger-tide.jpg;;;;;Édition Monopoly Pirates of the Caribbean On Stranger Tides Collector's Edition éditée par Hasbro.;
mono-monopoly-pirates-of-the-caribbean-trilogy-edition;Non possédé;Monopoly Pirates of the Caribbean Trilogy Edition;Variantes & Règles Spéciales;2007;Monde;Hasbro;images/box_mono-monopoly-pirates-of-the-caribbean-trilogy-edition.jpg;;;;;Édition Monopoly Pirates of the Caribbean Trilogy Edition éditée par Hasbro.;
mono-monopoly-pittsburgh-edition;Non possédé;Monopoly Pittsburgh Edition;Éditions Spéciales & Thématiques;2010;Monde;Hasbro;images/box_mono-monopoly-pittsburgh-edition.png;;;;;Édition Monopoly Pittsburgh Edition éditée par Hasbro.;
mono-pizza;Non possédé;Monopoly Pizza;Variantes & Règles Spéciales;2018;Monde;Hasbro;;;;;;Boîte en forme de boîte à pizza avec pions tranche de pizza, collectez les meilleures garnitures de pizza.;
mono-monopoly-pizza-game-edition;Non possédé;Monopoly Pizza Game Edition;Variantes & Règles Spéciales;2010;Monde;Hasbro;;;;;;Édition Monopoly Pizza Game Edition éditée par Hasbro.;
mono-monopoly-planetopoly;Non possédé;Monopoly Planetopoly;Éditions Spéciales & Thématiques;2010;Monde;Hasbro;images/box_mono-monopoly-planetopoly.png;;;;;Édition Monopoly Planetopoly éditée par Hasbro.;
mono-monopoly-playmaster;Non possédé;Monopoly Playmaster;Éditions Spéciales & Thématiques;2010;Monde;Hasbro;images/box_mono-monopoly-playmaster.jpg;;;;;Édition Monopoly Playmaster éditée par Hasbro.;
mono-monopoly-plymouth-edition;Non possédé;Monopoly Plymouth Edition;Éditions Spéciales & Thématiques;2010;Monde;Hasbro;;;;;;Édition Monopoly Plymouth Edition éditée par Hasbro.;
mono-monopoly-pogo-com;Non possédé;Monopoly Pogo.com;Jeux Vidéo;2010;Monde;Hasbro;images/box_mono-monopoly-pogo-com.jpg;;;;;Édition Monopoly Pogo.com éditée par Hasbro.;
mono-monopoly-pokemon-collector-s-edition;Non possédé;Monopoly Pokemon Collector's Edition;Variantes & Règles Spéciales;1999;USA;USAopoly / The Op;images/box_mono-monopoly-pokemon-collector-s-edition.jpg;;;;;Édition Monopoly Pokemon Collector's Edition éditée par USAopoly / The Op.;
mono-monopoly-pokemon-monopoly;Non possédé;Monopoly Pokemon Monopoly;Jeux Vidéo;2010;Monde;Hasbro;;;;;;Édition Monopoly Pokemon Monopoly éditée par Hasbro.;
mono-vg-pokemon-johto;Non possédé;Monopoly Pokémon Johto Edition;Jeux Vidéo;2016;Monde;USAopoly;;;;;;Explorez Bourg Geon, Doublonville et capturez Germignon, Héricendre, Kaiminus, Togepi.;
mono-vg-pokemon-kanto;Non possédé;Monopoly Pokémon Kanto Edition;Jeux Vidéo;2014;Monde / France;USAopoly / Winning Moves;images/mono-vg-pokemon-kanto.webp;;;;;Capturez les arènes et les Pokémon des 8 badges de la région Kanto avec pions Pikachu, Évoli, Salamèche...;
mono-monopoly-portland-maine-edition;Non possédé;Monopoly Portland, Maine Edition;Éditions Spéciales & Thématiques;2010;Monde;Hasbro;images/box_mono-monopoly-portland-maine-edition.png;;;;;Édition Monopoly Portland, Maine Edition éditée par Hasbro.;
mono-monopoly-portland-oregon-edition;Non possédé;Monopoly Portland, Oregon Edition;Éditions Spéciales & Thématiques;2010;Monde;Hasbro;images/box_mono-monopoly-portland-oregon-edition.png;;;;;Édition Monopoly Portland, Oregon Edition éditée par Hasbro.;
mono-monopoly-posh-pets;Non possédé;Monopoly Posh Pets;Éditions Spéciales & Thématiques;2010;Monde;Hasbro;images/box_mono-monopoly-posh-pets.png;;;;;Édition Monopoly Posh Pets éditée par Hasbro.;
mono-monopoly-power-rangers-20th-anniversary-edition;Non possédé;Monopoly Power Rangers 20th Anniversary Edition;Villes & Régions (France);2010;Monde;Hasbro;images/box_mono-monopoly-power-rangers-20th-anniversary-edition.jpg;;;;;Édition Monopoly Power Rangers 20th Anniversary Edition éditée par Hasbro.;
mono-monopoly-powerpuff-girls-edition;Non possédé;Monopoly Powerpuff Girls Edition;Éditions Spéciales & Thématiques;2010;Monde;Hasbro;images/box_mono-monopoly-powerpuff-girls-edition.jpg;;;;;Édition Monopoly Powerpuff Girls Edition éditée par Hasbro.;
mono-monopoly-predators-of-the-deep-edition;Non possédé;Monopoly Predators of the Deep Edition;Éditions Spéciales & Thématiques;2010;Monde;Hasbro;images/box_mono-monopoly-predators-of-the-deep-edition.jpg;;;;;Édition Monopoly Predators of the Deep Edition éditée par Hasbro.;
mono-monopoly-prizm-nba-edition;Non possédé;Monopoly Prizm: NBA Edition;Marques & Sports;2010;Monde;Hasbro;images/box_mono-monopoly-prizm-nba-edition.png;;;;;Édition Monopoly Prizm: NBA Edition éditée par Hasbro.;
mono-monopoly-pub-crawl;Non possédé;Monopoly Pub Crawl;Variantes & Règles Spéciales;2010;Monde;Hasbro;;;;;;Édition Monopoly Pub Crawl éditée par Hasbro.;
mono-monopoly-puerto-rico-edition;Non possédé;Monopoly Puerto Rico Edition;Éditions Spéciales & Thématiques;2010;Monde;Hasbro;images/box_mono-monopoly-puerto-rico-edition.jpg;;;;;Édition Monopoly Puerto Rico Edition éditée par Hasbro.;
mono-monopoly-purple-color-group-properties;Non possédé;Monopoly Purple Color Group Properties;Éditions Spéciales & Thématiques;2010;Monde;Hasbro;;;;;;Édition Monopoly Purple Color Group Properties éditée par Hasbro.;
mono-monopoly-puzz3d-edition;Non possédé;Monopoly Puzz3D Edition;Éditions Spéciales & Thématiques;2010;Monde;Hasbro;images/box_mono-monopoly-puzz3d-edition.jpg;;;;;Édition Monopoly Puzz3D Edition éditée par Hasbro.;
mono-monopoly-qvc-edition;Non possédé;Monopoly QVC Edition;Éditions Spéciales & Thématiques;2010;Monde;Hasbro;images/box_mono-monopoly-qvc-edition.png;;;;;Édition Monopoly QVC Edition éditée par Hasbro.;
mono-monopoly-qantas-socceroos-charity-edition;Non possédé;Monopoly Qantas Socceroos Charity Edition;Marques & Sports;2010;Monde;Hasbro;images/box_mono-monopoly-qantas-socceroos-charity-edition.png;;;;;Édition Monopoly Qantas Socceroos Charity Edition éditée par Hasbro.;
mono-monopoly-quartzsite-opoly;Non possédé;Monopoly Quartzsite-Opoly;Éditions Spéciales & Thématiques;2010;Monde;Hasbro;images/box_mono-monopoly-quartzsite-opoly.png;;;;;Édition Monopoly Quartzsite-Opoly éditée par Hasbro.;
mono-music-queen;Non possédé;Monopoly Queen Edition;Musique & Groupes;2017;Monde;Winning Moves;images/mono-music-queen.webp;;;;;Conçu avec Brian May : revivez les tournées mythiques du groupe Queen (Wembley, Hyde Park, Rio).;
mono-monopoly-queens-edition;Non possédé;Monopoly Queens Edition;Musique & Groupes;2010;Monde;Hasbro;images/box_mono-monopoly-queens-edition.png;;;;;Édition Monopoly Queens Edition éditée par Hasbro.;
mono-monopoly-questacon;Non possédé;Monopoly Questacon;Éditions Spéciales & Thématiques;2010;Monde;Hasbro;;;;;;Édition Monopoly Questacon éditée par Hasbro.;
mono-monopoly-queue-communist-monopoly;Non possédé;Monopoly Queue (Communist Monopoly);Éditions Spéciales & Thématiques;2010;Monde;Hasbro;images/box_mono-monopoly-queue-communist-monopoly.png;;;;;Édition Monopoly Queue (Communist Monopoly) éditée par Hasbro.;
mono-monopoly-quikopoly;Non possédé;Monopoly Quikopoly;Éditions Spéciales & Thématiques;2010;Monde;Hasbro;images/box_mono-monopoly-quikopoly.png;;;;;Édition Monopoly Quikopoly éditée par Hasbro.;
mono-monopoly-quimper-edition;Non possédé;Monopoly Quimper Edition;Éditions Spéciales & Thématiques;2010;Monde;Hasbro;images/box_mono-monopoly-quimper-edition.png;;;;;Édition Monopoly Quimper Edition éditée par Hasbro.;
mono-monopoly-qu-bec-opoly;Non possédé;Monopoly Québec-opoly;Éditions Spéciales & Thématiques;2010;Monde;Hasbro;images/box_mono-monopoly-qu-bec-opoly.png;;;;;Édition Monopoly Québec-opoly éditée par Hasbro.;
mono-monopoly-rim-blackberry-25th-anniversary-edition;Non possédé;Monopoly RIM (Blackberry) 25th Anniversary Edition;Variantes & Règles Spéciales;2009;Monde;Hasbro;images/box_mono-monopoly-rim-blackberry-25th-anniversary-edition.jpg;;;;;Édition Monopoly RIM (Blackberry) 25th Anniversary Edition éditée par Hasbro.;
mono-monopoly-racecar;Non possédé;Monopoly Racecar;Éditions Spéciales & Thématiques;2010;Monde;Hasbro;images/box_mono-monopoly-racecar.png;;;;;Édition Monopoly Racecar éditée par Hasbro.;
mono-monopoly-railroad;Non possédé;Monopoly Railroad;Éditions Spéciales & Thématiques;2010;Monde;Hasbro;;;;;;Édition Monopoly Railroad éditée par Hasbro.;
mono-monopoly-raleigh-edition;Non possédé;Monopoly Raleigh Edition;Éditions Spéciales & Thématiques;2010;Monde;Hasbro;;;;;;Édition Monopoly Raleigh Edition éditée par Hasbro.;
mono-club-realmadrid;Non possédé;Monopoly Real Madrid C.F.;Marques & Sports;2017;Espagne / International;Winning Moves;;;;;;Stade Santiago Bernabéu, vestiaires, coupes d'Europe de la Maison Blanche et joueurs galactiques.;
mono-ville-reims;Non possédé;Monopoly Reims;Villes & Régions (France);2008;France;Winning Moves;;;;;;Cité des Sacres, Cathédrale Notre-Dame de Reims, prestigieuses maisons et caves de Champagne.;
mono-ville-rennes;Non possédé;Monopoly Rennes;Villes & Régions (France);2004;France;Winning Moves;;;;;;Parlement de Bretagne, Place Sainte-Anne, Parc du Thabor et Portes Mordelaises.;
mono-monopoly-rent;Non possédé;Monopoly Rent;Éditions Spéciales & Thématiques;2010;Monde;Hasbro;images/box_mono-monopoly-rent.png;;;;;Édition Monopoly Rent éditée par Hasbro.;
mono-monopoly-requested-articles;Non possédé;Monopoly Requested Articles;Éditions Spéciales & Thématiques;2010;Monde;Hasbro;;;;;;Édition Monopoly Requested Articles éditée par Hasbro.;
mono-vg-resident-evil;Non possédé;Monopoly Resident Evil Collector's Edition;Jeux Vidéo;2019;Monde;USAopoly;;;;;;Manoir Spencer, Commissariat de Raccoon City (R.P.D.), Umbrella Corporation avec Jill Valentine et Leon Kennedy.;
mono-pop-back-to-the-future;Non possédé;Monopoly Retour vers le Futur (Back to the Future);Films & Séries;2015;Monde / France;Winning Moves;;;;;;Hill Valley à travers 1885, 1955, 1985 et 2015 avec pions DeLorean, Hoverboard, casquette de Marty.;
mono-monopoly-retro-game;Non possédé;Monopoly Retro Game;Éditions Spéciales & Thématiques;2010;Monde;Hasbro;;;;;;Édition Monopoly Retro Game éditée par Hasbro.;
mono-monopoly-retro-game-edition;Non possédé;Monopoly Retro Game Edition;Éditions Spéciales & Thématiques;2010;Monde;Hasbro;;;;;;Édition Monopoly Retro Game Edition éditée par Hasbro.;
mono-monopoly-retro-game-edition-wal-mart;Non possédé;Monopoly Retro Game Edition (Wal Mart);Variantes & Règles Spéciales;2008;USA;Hasbro;images/box_mono-monopoly-retro-game-edition-wal-mart.jpg;;;;;Édition Monopoly Retro Game Edition (Wal Mart) éditée par Hasbro.;
mono-monopoly-revolution-edition;Non possédé;Monopoly Revolution Edition;Variantes & Règles Spéciales;2010;Monde;Hasbro;images/box_mono-monopoly-revolution-edition.png;;;;;Édition Monopoly Revolution Edition éditée par Hasbro.;
mono-monopoly-rhode-island-avenue;Non possédé;Monopoly Rhode Island Avenue;Éditions Spéciales & Thématiques;2010;Monde;Hasbro;;;;;;Édition Monopoly Rhode Island Avenue éditée par Hasbro.;
mono-monopoly-rich-uncle-pennybags;Non possédé;Monopoly Rich Uncle Pennybags;Éditions Spéciales & Thématiques;2010;Monde;Hasbro;;;;;;Édition Monopoly Rich Uncle Pennybags éditée par Hasbro.;
mono-monopoly-richmond-edition;Non possédé;Monopoly Richmond Edition;Éditions Spéciales & Thématiques;2010;Monde;Hasbro;images/box_mono-monopoly-richmond-edition.png;;;;;Édition Monopoly Richmond Edition éditée par Hasbro.;
mono-pop-rick-and-morty;Non possédé;Monopoly Rick and Morty;Films & Séries;2016;Monde / France;USAopoly / Winning Moves;images/mono-pop-rick-and-morty.webp;;;;;Explorez le Multivers, la Dimension C-137, Gazorpazorp avec pions Portal Gun, Plumbus et boîte de Meeseeks.;
mono-monopoly-rick-and-morty-monopoly;Non possédé;Monopoly Rick and Morty Monopoly;Films & Séries;2010;Monde;Hasbro;images/box_mono-monopoly-rick-and-morty-monopoly.jpg;;;;;Édition Monopoly Rick and Morty Monopoly éditée par Hasbro.;
mono-city-riodejaneiro;Non possédé;Monopoly Rio de Janeiro;Villes & Pays (Monde);2007;Brésil;Estrela / Hasbro;;;;;;Copacabana, Ipanema, Christ Rédempteur du Corcovado, Pain de Sucre et Sambodrome du Carnaval.;
mono-monopoly-river-plate-edition;Non possédé;Monopoly River Plate Edition;Éditions Spéciales & Thématiques;2010;Monde;Hasbro;images/box_mono-monopoly-river-plate-edition.jpg;;;;;Édition Monopoly River Plate Edition éditée par Hasbro.;
mono-monopoly-riverside;Non possédé;Monopoly Riverside;Éditions Spéciales & Thématiques;2010;Monde;Hasbro;;;;;;Édition Monopoly Riverside éditée par Hasbro.;
mono-monopoly-riverside-property;Non possédé;Monopoly Riverside (Property);Éditions Spéciales & Thématiques;2010;Monde;Hasbro;images/box_mono-monopoly-riverside-property.jpg;;;;;Édition Monopoly Riverside (Property) éditée par Hasbro.;
mono-monopoly-riverside-edition;Non possédé;Monopoly Riverside Edition;Éditions Spéciales & Thématiques;2010;Monde;Hasbro;images/box_mono-monopoly-riverside-edition.png;;;;;Édition Monopoly Riverside Edition éditée par Hasbro.;
mono-vg-roblox;Non possédé;Monopoly Roblox;Jeux Vidéo;2021;Monde / France;Hasbro;images/mono-vg-roblox.webp;;;;;Achetez et collectionnez les meilleures expériences Roblox (Adopt Me, Brookhaven, MeepCity, Tower of Hell).;
mono-monopoly-roblox-edition;Non possédé;Monopoly Roblox Edition;Jeux Vidéo;2010;Monde;Hasbro;images/box_mono-monopoly-roblox-edition.jpg;;;;;Édition Monopoly Roblox Edition éditée par Hasbro.;
mono-monopoly-rochester-edition;Non possédé;Monopoly Rochester Edition;Éditions Spéciales & Thématiques;2010;Monde;Hasbro;images/box_mono-monopoly-rochester-edition.png;;;;;Édition Monopoly Rochester Edition éditée par Hasbro.;
mono-sport-roland-garros;Non possédé;Monopoly Roland-Garros;Marques & Sports;2015;France;Winning Moves;;;;;;Courts Philippe-Chatrier, Suzanne-Lenglen, terre battue parisienne, pions raquette, chaise d'arbitre, trophée.;
mono-city-rome;Non possédé;Monopoly Roma;Villes & Pays (Monde);2012;Italie;Winning Moves;;;;;;Colisée, Fontaine de Trevi, Panthéon, Place Navone et Forum Romain.;
mono-monopoly-royal-court;Non possédé;Monopoly Royal Court;Éditions Spéciales & Thématiques;2010;Monde;Hasbro;images/box_mono-monopoly-royal-court.jpg;;;;;Édition Monopoly Royal Court éditée par Hasbro.;
mono-monopoly-rupaul-s-drag-race-edition;Non possédé;Monopoly RuPaul's Drag Race Edition;Éditions Spéciales & Thématiques;2010;Monde;Hasbro;images/box_mono-monopoly-rupaul-s-drag-race-edition.png;;;;;Édition Monopoly RuPaul's Drag Race Edition éditée par Hasbro.;
mono-monopoly-rubber-ducky;Non possédé;Monopoly Rubber Ducky;Éditions Spéciales & Thématiques;2010;Monde;Hasbro;images/box_mono-monopoly-rubber-ducky.png;;;;;Édition Monopoly Rubber Ducky éditée par Hasbro.;
mono-monopoly-rudolph-the-red-nosed-reindeer-collector-;Non possédé;Monopoly Rudolph the Red-Nosed Reindeer Collector’s Edition;Variantes & Règles Spéciales;2005;USA;USAopoly / The Op;images/box_mono-monopoly-rudolph-the-red-nosed-reindeer-collector-.jpg;;;;;Édition Monopoly Rudolph the Red-Nosed Reindeer Collector’s Edition éditée par USAopoly / The Op.;
mono-monopoly-rugrats-edition;Non possédé;Monopoly Rugrats Edition;Éditions Spéciales & Thématiques;2010;Monde;Hasbro;images/box_mono-monopoly-rugrats-edition.jpg;;;;;Édition Monopoly Rugrats Edition éditée par Hasbro.;
mono-monopoly-russian-edition;Non possédé;Monopoly Russian Edition;Villes & Pays (Monde);2010;Monde;Hasbro;images/box_mono-monopoly-russian-edition.jpg;;;;;Édition Monopoly Russian Edition éditée par Hasbro.;
mono-rustic;Non possédé;Monopoly Rustic Wood Series;Classique & Anniversaire;2018;Monde;Hasbro;;;;;;Plateau et boîte en bois rustique vieilli, idéal pour décoration et jeu chaleureux.;
mono-revolution-75th;Non possédé;Monopoly Révolution (75ème Anniversaire);Classique & Anniversaire;2010;France / Monde;Hasbro;;;;;;Plateau circulaire / rond spectaculaire créé pour les 75 ans du Monopoly, avec unité sonore centrale diffusant de vrais morceaux de musique et effets sonores.;
mono-revolution;Non possédé;Monopoly Révolution (Plateau Rond);Variantes & Règles Spéciales;2010;France / Monde;Hasbro;images/mono-revolution.jpg;;;;;Plateau de jeu circulaire unique avec unité sonore centrale diffusant musique et effets sonores.;
mono-monopoly-slo-cal-edition;Non possédé;Monopoly SLO CAL Edition;Éditions Spéciales & Thématiques;2010;Monde;Hasbro;images/box_mono-monopoly-slo-cal-edition.png;;;;;Édition Monopoly SLO CAL Edition éditée par Hasbro.;
mono-pop-ghostbusters;Non possédé;Monopoly SOS Fantômes (Ghostbusters);Films & Séries;2016;Monde;USAopoly;;;;;;Pions Ecto-1, Piège à fantôme, Bibendum Chamallow, Pack de protons et caserne des pompiers.;
mono-monopoly-sacramento-edition;Non possédé;Monopoly Sacramento Edition;Éditions Spéciales & Thématiques;2010;Monde;Hasbro;images/box_mono-monopoly-sacramento-edition.png;;;;;Édition Monopoly Sacramento Edition éditée par Hasbro.;
mono-manga-sailor-moon;Non possédé;Monopoly Sailor Moon Collector's Edition;Anime & Manga;2018;Monde;USAopoly;;;;;;Le Royaume de la Lune, Tokyo Crystal, pions Sceptre lunaire, Broche de transformation, Masque Tuxedo.;
mono-monopoly-sailor-moon-edition;Non possédé;Monopoly Sailor Moon Edition;Anime & Manga;2010;Monde;Hasbro;;;;;;Édition Monopoly Sailor Moon Edition éditée par Hasbro.;
mono-monopoly-saint-louis-opoly-1;Non possédé;Monopoly Saint Louis Opoly;Éditions Spéciales & Thématiques;2010;Monde;Hasbro;;;;;;Édition Monopoly Saint Louis Opoly éditée par Hasbro.;
mono-monopoly-saint-louis-opoly;Non possédé;Monopoly Saint Louis-Opoly;Éditions Spéciales & Thématiques;2010;Monde;Hasbro;;;;;;Édition Monopoly Saint Louis-Opoly éditée par Hasbro.;
mono-monopoly-saint-louisopoly;Non possédé;Monopoly Saint Louisopoly;Éditions Spéciales & Thématiques;2010;Monde;Hasbro;;;;;;Édition Monopoly Saint Louisopoly éditée par Hasbro.;
mono-monopoly-saint-paul-edition;Non possédé;Monopoly Saint Paul Edition;Éditions Spéciales & Thématiques;2010;Monde;Hasbro;images/box_mono-monopoly-saint-paul-edition.png;;;;;Édition Monopoly Saint Paul Edition éditée par Hasbro.;
mono-ville-saint-etienne;Non possédé;Monopoly Saint-Étienne;Villes & Régions (France);2006;France;Winning Moves;;;;;;Stade Geoffroy-Guichard (Le Chaudron Vert), Musée d'Art et d'Industrie, Cité du Design et Puits Couriot.;
mono-monopoly-san-antonio-edition;Non possédé;Monopoly San Antonio Edition;Éditions Spéciales & Thématiques;2010;Monde;Hasbro;images/box_mono-monopoly-san-antonio-edition.png;;;;;Édition Monopoly San Antonio Edition éditée par Hasbro.;
mono-monopoly-san-diego-edition;Non possédé;Monopoly San Diego Edition;Variantes & Règles Spéciales;1995;Monde;Hasbro;images/box_mono-monopoly-san-diego-edition.jpg;;;;;Édition Monopoly San Diego Edition éditée par Hasbro.;
mono-monopoly-san-diego-edition-top-trumps;Non possédé;Monopoly San Diego Edition (Top Trumps);Éditions Spéciales & Thématiques;2010;Monde;Hasbro;images/box_mono-monopoly-san-diego-edition-top-trumps.png;;;;;Édition Monopoly San Diego Edition (Top Trumps) éditée par Hasbro.;
mono-city-sanfrancisco;Non possédé;Monopoly San Francisco;Villes & Pays (Monde);2002;USA;USAopoly;;;;;;Golden Gate Bridge, Île d'Alcatraz, Fisherman's Wharf, Cable Cars, Lombard Street, Silicon Valley.;
mono-monopoly-san-jose-edition;Non possédé;Monopoly San Jose Edition;Éditions Spéciales & Thématiques;2010;Monde;Hasbro;images/box_mono-monopoly-san-jose-edition.png;;;;;Édition Monopoly San Jose Edition éditée par Hasbro.;
mono-monopoly-santa-barbara-edition;Non possédé;Monopoly Santa Barbara Edition;Éditions Spéciales & Thématiques;2010;Monde;Hasbro;images/box_mono-monopoly-santa-barbara-edition.png;;;;;Édition Monopoly Santa Barbara Edition éditée par Hasbro.;
mono-monopoly-santa-barbaraopoly;Non possédé;Monopoly Santa Barbaraopoly;Éditions Spéciales & Thématiques;2010;Monde;Hasbro;images/box_mono-monopoly-santa-barbaraopoly.jpg;;;;;Édition Monopoly Santa Barbaraopoly éditée par Hasbro.;
mono-monopoly-santa-barbopoly;Non possédé;Monopoly Santa Barbopoly;Éditions Spéciales & Thématiques;2010;Monde;Hasbro;images/box_mono-monopoly-santa-barbopoly.jpg;;;;;Édition Monopoly Santa Barbopoly éditée par Hasbro.;
mono-monopoly-sarasota-opoly;Non possédé;Monopoly Sarasota-Opoly;Éditions Spéciales & Thématiques;2010;Monde;Hasbro;images/box_mono-monopoly-sarasota-opoly.jpg;;;;;Édition Monopoly Sarasota-Opoly éditée par Hasbro.;
mono-monopoly-savannah-edition;Non possédé;Monopoly Savannah Edition;Éditions Spéciales & Thématiques;2010;Monde;Hasbro;images/box_mono-monopoly-savannah-edition.png;;;;;Édition Monopoly Savannah Edition éditée par Hasbro.;
mono-region-savoie;Non possédé;Monopoly Savoie & Haute-Savoie (Mont-Blanc);Villes & Régions (France);2006;France;Winning Moves;;;;;;Chamonix, Mont-Blanc, Annecy et son lac, Chambéry, stations de ski et gastronomie savoyarde.;
mono-monopoly-schnucksopoly;Non possédé;Monopoly Schnucksopoly;Éditions Spéciales & Thématiques;2010;Monde;Hasbro;images/box_mono-monopoly-schnucksopoly.jpg;;;;;Édition Monopoly Schnucksopoly éditée par Hasbro.;
mono-pop-scoobydoo;Non possédé;Monopoly Scooby-Doo Collector's Edition;Films & Séries;2019;Monde;USAopoly;images/mono-pop-scoobydoo.jpg;;;;;Mystère et Compagnie : explorez les manoirs hantés à bord de la Mystery Machine avec des Scooby Snacks.;
mono-monopoly-scott-the-woz-edition;Non possédé;Monopoly Scott The Woz Edition;Éditions Spéciales & Thématiques;2010;Monde;Hasbro;images/box_mono-monopoly-scott-the-woz-edition.jpg;;;;;Édition Monopoly Scott The Woz Edition éditée par Hasbro.;
mono-monopoly-scottie-dog;Non possédé;Monopoly Scottie Dog;Éditions Spéciales & Thématiques;2010;Monde;Hasbro;images/box_mono-monopoly-scottie-dog.png;;;;;Édition Monopoly Scottie Dog éditée par Hasbro.;
mono-monopoly-scottsdale-edition;Non possédé;Monopoly Scottsdale Edition;Éditions Spéciales & Thématiques;2010;Monde;Hasbro;images/box_mono-monopoly-scottsdale-edition.jpg;;;;;Édition Monopoly Scottsdale Edition éditée par Hasbro.;
mono-monopoly-scrabble;Non possédé;Monopoly Scrabble;Variantes & Règles Spéciales;2010;Monde;Hasbro;images/box_mono-monopoly-scrabble.png;;;;;Édition Monopoly Scrabble éditée par Hasbro.;
mono-monopoly-seaview;Non possédé;Monopoly Seaview;Éditions Spéciales & Thématiques;2010;Monde;Hasbro;images/box_mono-monopoly-seaview.jpg;;;;;Édition Monopoly Seaview éditée par Hasbro.;
mono-monopoly-secret-vault-edition;Non possédé;Monopoly Secret Vault Edition;Éditions Spéciales & Thématiques;2010;Monde;Hasbro;images/box_mono-monopoly-secret-vault-edition.png;;;;;Édition Monopoly Secret Vault Edition éditée par Hasbro.;
mono-monopoly-sephora-edition;Non possédé;Monopoly Sephora Edition;Variantes & Règles Spéciales;2006;USA;USAopoly / The Op;images/box_mono-monopoly-sephora-edition.jpg;;;;;Édition Monopoly Sephora Edition éditée par USAopoly / The Op.;
mono-monopoly-sesame-street-edition;Non possédé;Monopoly Sesame Street Edition;Films & Séries;2010;Monde;Hasbro;images/box_mono-monopoly-sesame-street-edition.png;;;;;Édition Monopoly Sesame Street Edition éditée par Hasbro.;
mono-monopoly-sheffield-edition;Non possédé;Monopoly Sheffield Edition;Éditions Spéciales & Thématiques;2010;Monde;Hasbro;images/box_mono-monopoly-sheffield-edition.png;;;;;Édition Monopoly Sheffield Edition éditée par Hasbro.;
mono-monopoly-shine-village;Non possédé;Monopoly Shine Village;Éditions Spéciales & Thématiques;2010;Monde;Hasbro;images/box_mono-monopoly-shine-village.jpg;;;;;Édition Monopoly Shine Village éditée par Hasbro.;
mono-monopoly-shockwave-com;Non possédé;Monopoly Shockwave.com;Éditions Spéciales & Thématiques;2010;Monde;Hasbro;;;;;;Édition Monopoly Shockwave.com éditée par Hasbro.;
mono-pop-shrek;Non possédé;Monopoly Shrek 2 Collector's Edition;Films & Séries;2004;Monde;USAopoly;images/mono-pop-shrek.jpg;;;;;Le Marais de Shrek, le Royaume de Fort Fort Lointain, la chaumière de la Fée Marraine, pions Âne, Shrek, Chat Potté.;
mono-monopoly-shrek-collector-s-edition;Non possédé;Monopoly Shrek Collector's Edition;Variantes & Règles Spéciales;2007;USA;USAopoly / The Op;images/box_mono-monopoly-shrek-collector-s-edition.png;;;;;Édition Monopoly Shrek Collector's Edition éditée par USAopoly / The Op.;
mono-monopoly-signature-token-collection;Non possédé;Monopoly Signature Token Collection;Classique & Anniversaire;2010;Monde;Hasbro;;;;;;Édition Monopoly Signature Token Collection éditée par Hasbro.;
mono-monopoly-signature-token-edition;Non possédé;Monopoly Signature Token Edition;Classique & Anniversaire;2010;Monde;Hasbro;images/box_mono-monopoly-signature-token-edition.jpg;;;;;Édition Monopoly Signature Token Edition éditée par Hasbro.;
mono-monopoly-silver-harbor;Non possédé;Monopoly Silver Harbor;Éditions Spéciales & Thématiques;2010;Monde;Hasbro;images/box_mono-monopoly-silver-harbor.jpg;;;;;Édition Monopoly Silver Harbor éditée par Hasbro.;
mono-monopoly-skyscrapers;Non possédé;Monopoly Skyscrapers;Éditions Spéciales & Thématiques;2010;Monde;Hasbro;images/box_mono-monopoly-skyscrapers.jpg;;;;;Édition Monopoly Skyscrapers éditée par Hasbro.;
mono-monopoly-slots;Non possédé;Monopoly Slots;Variantes & Règles Spéciales;2010;Monde;Hasbro;;;;;;Édition Monopoly Slots éditée par Hasbro.;
mono-monopoly-slovene-edition;Non possédé;Monopoly Slovene Edition;Éditions Spéciales & Thématiques;2010;Monde;Hasbro;images/box_mono-monopoly-slovene-edition.jpg;;;;;Édition Monopoly Slovene Edition éditée par Hasbro.;
mono-socialism;Non possédé;Monopoly Socialism;Variantes & Règles Spéciales;2019;Monde;Hasbro;images/mono-socialism.webp;;;;;Édition parodique où les joueurs collaborent pour un fonds commun, souvent avec des effets chaotiques.;
mono-monopoly-socialism-edition;Non possédé;Monopoly Socialism Edition;Éditions Spéciales & Thématiques;2010;Monde;Hasbro;images/box_mono-monopoly-socialism-edition.png;;;;;Édition Monopoly Socialism Edition éditée par Hasbro.;
mono-vg-sonic;Non possédé;Monopoly Sonic the Hedgehog Collector's Edition;Jeux Vidéo;2013;Monde;USAopoly;images/mono-vg-sonic.webp;;;;;Green Hill Zone, Chemical Plant, collectez les anneaux d'or et les émeraudes du Chaos avec Sonic et Tails.;
mono-pop-south-park;Non possédé;Monopoly South Park Collector's Edition;Films & Séries;2013;USA / Monde;USAopoly;images/mono-pop-south-park.jpg;;;;;L'école primaire de South Park, City Wok, Casa Bonita, pions Cartman, Stan, Kyle, Kenny, Servietsky.;
mono-monopoly-south-park-collectors-edition;Non possédé;Monopoly South Park Collectors Edition;Films & Séries;2010;Monde;Hasbro;;;;;;Édition Monopoly South Park Collectors Edition éditée par Hasbro.;
mono-monopoly-south-wales-charity-edition;Non possédé;Monopoly South Wales Charity Edition;Villes & Pays (Monde);2010;Monde;Hasbro;;;;;;Édition Monopoly South Wales Charity Edition éditée par Hasbro.;
mono-monopoly-south-wales-edition-custom;Non possédé;Monopoly South Wales Edition (Custom);Villes & Pays (Monde);2010;Monde;Hasbro;;;;;;Édition Monopoly South Wales Edition (Custom) éditée par Hasbro.;
mono-monopoly-space-edition;Non possédé;Monopoly Space Edition;Éditions Spéciales & Thématiques;2010;Monde;Hasbro;images/box_mono-monopoly-space-edition.jpg;;;;;Édition Monopoly Space Edition éditée par Hasbro.;
mono-monopoly-space-jam-a-new-legacy-edition;Non possédé;Monopoly Space Jam: A New Legacy Edition;Classique & Anniversaire;2010;Monde;Hasbro;images/box_mono-monopoly-space-jam-a-new-legacy-edition.png;;;;;Édition Monopoly Space Jam: A New Legacy Edition éditée par Hasbro.;
mono-monopoly-spanisch-square-edition;Non possédé;Monopoly Spanisch Square Edition;Éditions Spéciales & Thématiques;2010;Monde;Hasbro;;;;;;Édition Monopoly Spanisch Square Edition éditée par Hasbro.;
mono-monopoly-spanish-language-us-version;Non possédé;Monopoly Spanish Language US Version;Variantes & Règles Spéciales;2010;Espagne;Hasbro;images/box_mono-monopoly-spanish-language-us-version.jpg;;;;;Édition Monopoly Spanish Language US Version éditée par Hasbro.;
mono-monopoly-spanish-square-edition;Non possédé;Monopoly Spanish Square Edition;Variantes & Règles Spéciales;1961;Espagne;Parker Brothers;images/box_mono-monopoly-spanish-square-edition.jpg;;;;;Édition Monopoly Spanish Square Edition éditée par Parker Brothers.;
mono-speed-2020;Non possédé;Monopoly Speed;Variantes & Règles Spéciales;2020;France / Monde;Hasbro;;;;;;Partie garantie en moins de 10 minutes ! Tout le monde lance les dés et achète en même temps pendant des manches chronométrées.;
mono-speed;Non possédé;Monopoly Speed (En moins de 10 minutes);Variantes & Règles Spéciales;2019;France / Monde;Hasbro;images/mono-speed.webp;;;;;Chaque joueur joue en même temps avec son propre dé et chronomètre, partie pliée en 10 minutes.;
mono-monopoly-speed-dice;Non possédé;Monopoly Speed Dice;Variantes & Règles Spéciales;2010;Monde;Hasbro;;;;;;Édition Monopoly Speed Dice éditée par Hasbro.;
mono-monopoly-speed-edition;Non possédé;Monopoly Speed Edition;Variantes & Règles Spéciales;2010;Monde;Hasbro;images/box_mono-monopoly-speed-edition.jpg;;;;;Édition Monopoly Speed Edition éditée par Hasbro.;
mono-pop-spiderman;Non possédé;Monopoly Spider-Man;Films & Séries;2014;Monde / France;Hasbro;;;;;;Capturez les super-vilains de New York (Bouffon Vert, Venom, Docteur Octopus, Electro).;
mono-monopoly-spongebob-squarepants-edition;Non possédé;Monopoly Spongebob Squarepants Edition;Films & Séries;2010;Monde;Hasbro;images/box_mono-monopoly-spongebob-squarepants-edition.jpg;;;;;Édition Monopoly Spongebob Squarepants Edition éditée par Hasbro.;
mono-monopoly-sportsline-com;Non possédé;Monopoly SportsLine.com;Éditions Spéciales & Thématiques;2010;Monde;Hasbro;;;;;;Édition Monopoly SportsLine.com éditée par Hasbro.;
mono-monopoly-st-louis-opoly-2;Non possédé;Monopoly St Louis Opoly;Éditions Spéciales & Thématiques;2010;Monde;Hasbro;;;;;;Édition Monopoly St Louis Opoly éditée par Hasbro.;
mono-monopoly-st-louis-opoly-1;Non possédé;Monopoly St Louis-opoly;Éditions Spéciales & Thématiques;2010;Monde;Hasbro;;;;;;Édition Monopoly St Louis-opoly éditée par Hasbro.;
mono-monopoly-st-louisopoly-a-metropoly-game-1;Non possédé;Monopoly St LouisOpoly - A MetrOpoly Game;Éditions Spéciales & Thématiques;2010;Monde;Hasbro;;;;;;Édition Monopoly St LouisOpoly - A MetrOpoly Game éditée par Hasbro.;
mono-monopoly-st-louisopoly;Non possédé;Monopoly St Louisopoly;Éditions Spéciales & Thématiques;2010;Monde;Hasbro;;;;;;Édition Monopoly St Louisopoly éditée par Hasbro.;
mono-monopoly-st-louis-edition;Non possédé;Monopoly St. Louis Edition;Éditions Spéciales & Thématiques;2010;Monde;Hasbro;images/box_mono-monopoly-st-louis-edition.png;;;;;Édition Monopoly St. Louis Edition éditée par Hasbro.;
mono-monopoly-st-louis-opoly;Non possédé;Monopoly St. Louis-opoly;Variantes & Règles Spéciales;1998;USA;Hasbro;images/box_mono-monopoly-st-louis-opoly.jpg;;;;;Édition Monopoly St. Louis-opoly éditée par Hasbro.;
mono-monopoly-st-louisopoly-a-metropoly-game;Non possédé;Monopoly St. Louisopoly - A MetrOpoly Game;Variantes & Règles Spéciales;1991;USA;Hasbro;images/box_mono-monopoly-st-louisopoly-a-metropoly-game.jpg;;;;;Édition Monopoly St. Louisopoly - A MetrOpoly Game éditée par Hasbro.;
mono-monopoly-star-trek-klingon-edition;Non possédé;Monopoly Star Trek Klingon Edition;Films & Séries;2010;Monde;Hasbro;images/box_mono-monopoly-star-trek-klingon-edition.jpg;;;;;Édition Monopoly Star Trek Klingon Edition éditée par Hasbro.;
mono-monopoly-star-wars-clone-wars-edition;Non possédé;Monopoly Star Wars Clone Wars Edition;Films & Séries;2010;Monde;Hasbro;;;;;;Édition Monopoly Star Wars Clone Wars Edition éditée par Hasbro.;
mono-monopoly-star-wars-complete-saga-edition;Non possédé;Monopoly Star Wars Complete Saga Edition;Variantes & Règles Spéciales;2005;Monde;Hasbro;images/box_mono-monopoly-star-wars-complete-saga-edition.jpg;;;;;Édition Monopoly Star Wars Complete Saga Edition éditée par Hasbro.;
mono-pop-starwars-mandalorian;Non possédé;Monopoly Star Wars The Mandalorian;Films & Séries;2020;Monde / France;Hasbro;images/mono-pop-starwars-mandalorian.webp;;;;;Incarnez Din Djarin, Greef Karga, Cara Dune ou IG-11 et protégez l'Enfant (Grogu / Bébé Yoda).;
mono-pop-starwars-classic;Non possédé;Monopoly Star Wars Édition Collector (1997);Films & Séries;1997;Monde / France;Parker Brothers / Hasbro;images/mono-pop-starwars-classic.webp;;;;;Pions étain des héros originaux (Luke, Vador, Han, Leïa, Chewbacca, R2-D2), crédits impériaux et républicains.;
mono-monopoly-star-wars-the-clone-wars-edition;Non possédé;Monopoly Star Wars: The Clone Wars Edition;Films & Séries;2010;Monde;Hasbro;images/box_mono-monopoly-star-wars-the-clone-wars-edition.jpg;;;;;Édition Monopoly Star Wars: The Clone Wars Edition éditée par Hasbro.;
mono-monopoly-star-wars-the-mandalorian-and-grogu-editi;Non possédé;Monopoly Star Wars: The Mandalorian and Grogu Edition;Films & Séries;2010;Monde;Hasbro;images/box_mono-monopoly-star-wars-the-mandalorian-and-grogu-editi.png;;;;;Édition Monopoly Star Wars: The Mandalorian and Grogu Edition éditée par Hasbro.;
mono-monopoly-station;Non possédé;Monopoly Station;Éditions Spéciales & Thématiques;2010;Monde;Hasbro;;;;;;Édition Monopoly Station éditée par Hasbro.;
mono-monopoly-stations;Non possédé;Monopoly Stations;Éditions Spéciales & Thématiques;2010;Monde;Hasbro;;;;;;Édition Monopoly Stations éditée par Hasbro.;
mono-monopoly-stoneside;Non possédé;Monopoly Stoneside;Éditions Spéciales & Thématiques;2010;Monde;Hasbro;images/box_mono-monopoly-stoneside.jpg;;;;;Édition Monopoly Stoneside éditée par Hasbro.;
mono-pop-stranger-things;Non possédé;Monopoly Stranger Things;Films & Séries;2017;Monde / France;Hasbro;images/mono-pop-stranger-things.jpg;;;;;Hawkins dans les années 80 et l'Upside Down (Monde à l'envers) avec pions bicyclette, talkie-walkie, gaufre.;
mono-monopoly-stranger-things-collector-s-edition;Non possédé;Monopoly Stranger Things Collector's Edition;Films & Séries;2010;Monde;Hasbro;images/box_mono-monopoly-stranger-things-collector-s-edition.jpg;;;;;Édition Monopoly Stranger Things Collector's Edition éditée par Hasbro.;
mono-monopoly-stranger-things-edition;Non possédé;Monopoly Stranger Things Edition;Films & Séries;2010;Monde;Hasbro;images/box_mono-monopoly-stranger-things-edition.jpg;;;;;Édition Monopoly Stranger Things Edition éditée par Hasbro.;
mono-ville-strasbourg;Non possédé;Monopoly Strasbourg;Villes & Régions (France);2003;France;Winning Moves;;;;;;Cathédrale Notre-Dame, Petite France, Parlement Européen et Marché de Noël.;
mono-monopoly-strawberry-shortcake-edition;Non possédé;Monopoly Strawberry Shortcake Edition;Éditions Spéciales & Thématiques;2010;Monde;Hasbro;images/box_mono-monopoly-strawberry-shortcake-edition.png;;;;;Édition Monopoly Strawberry Shortcake Edition éditée par Hasbro.;
mono-monopoly-street;Non possédé;Monopoly Street;Éditions Spéciales & Thématiques;2010;Monde;Hasbro;images/box_mono-monopoly-street.png;;;;;Édition Monopoly Street éditée par Hasbro.;
mono-vg-street-fighter;Non possédé;Monopoly Street Fighter Collector's Edition;Jeux Vidéo;2012;Monde;USAopoly;images/mono-vg-street-fighter.jpg;;;;;Dojos et arènes mythiques (Chine, Japon, Brésil, USA) avec Ryu, Ken, Chun-Li, Guile et M. Bison.;
mono-ch-national;Non possédé;Monopoly Suisse;Villes & Régions (France);2001;Suisse;Hasbro;;;;;;Édition quadrilingue avec Genève, Zurich, Bâle, Lausanne, Berne et le Cervin.;
mono-monopoly-summergate;Non possédé;Monopoly Summergate;Éditions Spéciales & Thématiques;2010;Monde;Hasbro;images/box_mono-monopoly-summergate.jpg;;;;;Édition Monopoly Summergate éditée par Hasbro.;
mono-monopoly-super-add-ons;Non possédé;Monopoly Super Add-ons;Variantes & Règles Spéciales;2005;Monde;Hasbro;images/box_mono-monopoly-super-add-ons.jpg;;;;;Édition Monopoly Super Add-ons éditée par Hasbro.;
mono-super-electronic-banking;Non possédé;Monopoly Super Electronic Banking (Banque Électronique Récompenses);Variantes & Règles Spéciales;2020;France / Monde;Hasbro;;;;;;Terminal bancaire tout-en-un avec cartes de récompenses uniques accordant des bonus spécifiques à chaque joueur.;
mono-monopoly-super-electronic-banking-edition;Non possédé;Monopoly Super Electronic Banking Edition;Variantes & Règles Spéciales;2010;Monde;Hasbro;images/box_mono-monopoly-super-electronic-banking-edition.jpg;;;;;Édition Monopoly Super Electronic Banking Edition éditée par Hasbro.;
mono-monopoly-super-mario-bros-movie-edition-the;Non possédé;Monopoly Super Mario Bros. Movie Edition, The;Jeux Vidéo;2010;Monde;Hasbro;;;;;;Édition Monopoly Super Mario Bros. Movie Edition, The éditée par Hasbro.;
mono-super-mario-celebration;Non possédé;Monopoly Super Mario Celebration;Jeux Vidéo;2020;Monde / France;Hasbro;;;;;;Bloc « ? » sonore avec bruitages classiques de Nintendo qui change les règles du jeu.;
mono-monopoly-super-tax;Non possédé;Monopoly Super Tax;Éditions Spéciales & Thématiques;2010;Monde;Hasbro;;;;;;Édition Monopoly Super Tax éditée par Hasbro.;
mono-pop-supernatural;Non possédé;Monopoly Supernatural Collector's Edition;Films & Séries;2018;USA / Monde;USAopoly;images/mono-pop-supernatural.jpg;;;;;Chassez démons et monstres avec Sam et Dean Winchester au volant de l'Impala 1967 (Baby).;
mono-monopoly-supernatural-edition;Non possédé;Monopoly Supernatural Edition;Éditions Spéciales & Thématiques;2010;Monde;Hasbro;;;;;;Édition Monopoly Supernatural Edition éditée par Hasbro.;
mono-monopoly-supernatural-join-the-hunt-edition;Non possédé;Monopoly Supernatural Join the Hunt Edition;Éditions Spéciales & Thématiques;2010;Monde;Hasbro;images/box_mono-monopoly-supernatural-join-the-hunt-edition.jpg;;;;;Édition Monopoly Supernatural Join the Hunt Edition éditée par Hasbro.;
mono-monopoly-surfing-edition;Non possédé;Monopoly Surfing Edition;Éditions Spéciales & Thématiques;2010;Monde;Hasbro;;;;;;Édition Monopoly Surfing Edition éditée par Hasbro.;
mono-city-sydney;Non possédé;Monopoly Sydney;Villes & Pays (Monde);2004;Australie;Winning Moves;;;;;;Opéra de Sydney, Harbour Bridge, Bondi Beach, The Rocks et Darling Harbour.;
mono-monopoly-s-te-edition;Non possédé;Monopoly Sète Edition;Éditions Spéciales & Thématiques;2010;Monde;Hasbro;;;;;;Édition Monopoly Sète Edition éditée par Hasbro.;
mono-monopoly-t-rex;Non possédé;Monopoly T-Rex;Éditions Spéciales & Thématiques;2010;Monde;Hasbro;images/box_mono-monopoly-t-rex.png;;;;;Édition Monopoly T-Rex éditée par Hasbro.;
mono-monopoly-today-show-edition;Non possédé;Monopoly TODAY Show Edition;Éditions Spéciales & Thématiques;2010;Monde;Hasbro;images/box_mono-monopoly-today-show-edition.png;;;;;Édition Monopoly TODAY Show Edition éditée par Hasbro.;
mono-monopoly-tampa-edition;Non possédé;Monopoly Tampa Edition;Éditions Spéciales & Thématiques;2010;Monde;Hasbro;images/box_mono-monopoly-tampa-edition.png;;;;;Édition Monopoly Tampa Edition éditée par Hasbro.;
mono-monopoly-target-edition;Non possédé;Monopoly Target Edition;Variantes & Règles Spéciales;2010;Monde;Hasbro;images/box_mono-monopoly-target-edition.png;;;;;Édition Monopoly Target Edition éditée par Hasbro.;
mono-monopoly-ted-lasso-edition;Non possédé;Monopoly Ted Lasso Edition;Éditions Spéciales & Thématiques;2010;Monde;Hasbro;images/box_mono-monopoly-ted-lasso-edition.png;;;;;Édition Monopoly Ted Lasso Edition éditée par Hasbro.;
mono-monopoly-teenage-mutant-ninja-turtles-edition;Non possédé;Monopoly Teenage Mutant Ninja Turtles Edition;Éditions Spéciales & Thématiques;2010;Monde;Hasbro;images/box_mono-monopoly-teenage-mutant-ninja-turtles-edition.jpg;;;;;Édition Monopoly Teenage Mutant Ninja Turtles Edition éditée par Hasbro.;
mono-monopoly-texas-hill-country-edition;Non possédé;Monopoly Texas Hill Country Edition;Éditions Spéciales & Thématiques;2010;Monde;Hasbro;images/box_mono-monopoly-texas-hill-country-edition.png;;;;;Édition Monopoly Texas Hill Country Edition éditée par Hasbro.;
mono-monopoly-the-com-edition;Non possédé;Monopoly The .com Edition;Variantes & Règles Spéciales;2000;Monde;Hasbro;images/box_mono-monopoly-the-com-edition.jpg;;;;;Édition Monopoly The .com Edition éditée par Hasbro.;
mono-monopoly-the-1980-s-edition;Non possédé;Monopoly The 1980's Edition;Classique & Anniversaire;1980;Monde;Hasbro;images/box_mono-monopoly-the-1980-s-edition.png;;;;;Édition Monopoly The 1980's Edition éditée par Hasbro.;
mono-monopoly-the-50-s;Non possédé;Monopoly The 50's;Variantes & Règles Spéciales;2000;Monde;Hasbro;images/box_mono-monopoly-the-50-s.jpg;;;;;Édition Monopoly The 50's éditée par Hasbro.;
mono-monopoly-the-60-s;Non possédé;Monopoly The 60's;Variantes & Règles Spéciales;2000;Monde;Hasbro;images/box_mono-monopoly-the-60-s.jpg;;;;;Édition Monopoly The 60's éditée par Hasbro.;
mono-monopoly-the-70-s;Non possédé;Monopoly The 70's;Variantes & Règles Spéciales;2000;Monde;Hasbro;images/box_mono-monopoly-the-70-s.jpg;;;;;Édition Monopoly The 70's éditée par Hasbro.;
mono-monopoly-the-80-s;Non possédé;Monopoly The 80's;Variantes & Règles Spéciales;2000;Monde;Hasbro;images/box_mono-monopoly-the-80-s.jpg;;;;;Édition Monopoly The 80's éditée par Hasbro.;
mono-monopoly-the-angel-islington;Non possédé;Monopoly The Angel, Islington;Éditions Spéciales & Thématiques;2010;Monde;Hasbro;;;;;;Édition Monopoly The Angel, Islington éditée par Hasbro.;
mono-music-beatles;Non possédé;Monopoly The Beatles Collector's Edition;Musique & Groupes;2008;Monde;USAopoly;images/mono-music-beatles.webp;;;;;Abbey Road, Sgt. Pepper's, Yellow Submarine, Strawberry Fields avec pions sous-marin jaune, morse, marteau.;
mono-pop-tbbt;Non possédé;Monopoly The Big Bang Theory;Films & Séries;2014;Monde / France;USAopoly / Winning Moves;images/mono-pop-tbbt.webp;;;;;L'appartement 4A de Sheldon et Leonard, la cafétéria de Caltech, pions canapé de Sheldon, lunettes de Leonard, Bazinga.;
mono-monopoly-the-dragon-prince-edition;Non possédé;Monopoly The Dragon Prince Edition;Éditions Spéciales & Thématiques;2010;Monde;Hasbro;images/box_mono-monopoly-the-dragon-prince-edition.png;;;;;Édition Monopoly The Dragon Prince Edition éditée par Hasbro.;
mono-vg-skyrim;Non possédé;Monopoly The Elder Scrolls V: Skyrim;Jeux Vidéo;2017;Monde;Winning Moves;;;;;;Bordeciel, Blancherive, Solitude, Vendeaume, pions Casque de fer de Dovahkiin, bouclier d'azur.;
mono-franklin-mint;Non possédé;Monopoly The Franklin Mint Collector's Edition;Classique & Anniversaire;1991;USA / Monde;Franklin Mint;images/mono-franklin-mint.jpg;;;;;Plateau en bois noble surélevé, tiroir feutre vert, hôtels plaqués or 24 carats, maisons en argent massif.;
mono-monopoly-the-godfather-edition;Non possédé;Monopoly The Godfather Edition;Films & Séries;2010;Monde;Hasbro;images/box_mono-monopoly-the-godfather-edition.png;;;;;Édition Monopoly The Godfather Edition éditée par Hasbro.;
mono-monopoly-the-hamptons-edition;Non possédé;Monopoly The Hamptons Edition;Éditions Spéciales & Thématiques;2010;Monde;Hasbro;images/box_mono-monopoly-the-hamptons-edition.png;;;;;Édition Monopoly The Hamptons Edition éditée par Hasbro.;
mono-monopoly-the-landlord-s-game;Non possédé;Monopoly The Landlord's Game;Éditions Spéciales & Thématiques;2010;Monde;Hasbro;images/box_mono-monopoly-the-landlord-s-game.png;;;;;Édition Monopoly The Landlord's Game éditée par Hasbro.;
mono-vg-zelda;Non possédé;Monopoly The Legend of Zelda;Jeux Vidéo;2014;Monde / France;USAopoly / Winning Moves;images/mono-vg-zelda.webp;;;;;Hyrule, le Temple du Temps, Mont du Péril, château d'Hyrule avec pions Triforce, Bouclier Hylien, Arc.;
mono-monopoly-the-mandalorian-edition;Non possédé;Monopoly The Mandalorian Edition;Éditions Spéciales & Thématiques;2010;Monde;Hasbro;images/box_mono-monopoly-the-mandalorian-edition.png;;;;;Édition Monopoly The Mandalorian Edition éditée par Hasbro.;
mono-monopoly-the-marina;Non possédé;Monopoly The Marina;Éditions Spéciales & Thématiques;2010;Monde;Hasbro;images/box_mono-monopoly-the-marina.jpg;;;;;Édition Monopoly The Marina éditée par Hasbro.;
mono-monopoly-the-monopoly-book;Non possédé;Monopoly The Monopoly Book;Éditions Spéciales & Thématiques;2010;Monde;Hasbro;images/box_mono-monopoly-the-monopoly-book.jpg;;;;;Édition Monopoly The Monopoly Book éditée par Hasbro.;
mono-monopoly-the-monopoly-book-strategy-and-tactics-of;Non possédé;Monopoly The Monopoly Book: Strategy and Tactics of the World's Most Popular Game;Éditions Spéciales & Thématiques;2010;Monde;Hasbro;;;;;;Édition Monopoly The Monopoly Book: Strategy and Tactics of the World's Most Popular Game éditée par Hasbro.;
mono-monopoly-the-monopoly-companion;Non possédé;Monopoly The Monopoly Companion;Éditions Spéciales & Thématiques;2010;Monde;Hasbro;images/box_mono-monopoly-the-monopoly-companion.jpg;;;;;Édition Monopoly The Monopoly Companion éditée par Hasbro.;
mono-monopoly-the-monopoly-song;Non possédé;Monopoly The Monopoly Song;Éditions Spéciales & Thématiques;2010;Monde;Hasbro;images/box_mono-monopoly-the-monopoly-song.jpg;;;;;Édition Monopoly The Monopoly Song éditée par Hasbro.;
mono-monopoly-the-muppets-collector-s-edition;Non possédé;Monopoly The Muppets Collector's Edition;Variantes & Règles Spéciales;2010;USA;USAopoly / The Op;images/box_mono-monopoly-the-muppets-collector-s-edition.jpg;;;;;Édition Monopoly The Muppets Collector's Edition éditée par USAopoly / The Op.;
mono-monopoly-the-nightmare-before-christmas-25-years-e;Non possédé;Monopoly The Nightmare Before Christmas 25 Years Edition;Films & Séries;2010;Monde;Hasbro;images/box_mono-monopoly-the-nightmare-before-christmas-25-years-e.png;;;;;Édition Monopoly The Nightmare Before Christmas 25 Years Edition éditée par Hasbro.;
mono-monopoly-the-nightmare-before-christmas-collector-;Non possédé;Monopoly The Nightmare Before Christmas Collector's Edition;Films & Séries;2010;Monde;Hasbro;images/box_mono-monopoly-the-nightmare-before-christmas-collector-.jpg;;;;;Édition Monopoly The Nightmare Before Christmas Collector's Edition éditée par Hasbro.;
mono-pop-the-office;Non possédé;Monopoly The Office (Dunder Mifflin);Films & Séries;2019;USA / Monde;USAopoly;images/mono-pop-the-office.webp;;;;;Dunder Mifflin Scranton : agrafeuse dans la gelée, le trophée Dundie, tasse World's Best Boss.;
mono-monopoly-the-office-collector-s-edition;Non possédé;Monopoly The Office Collector's Edition;Films & Séries;2010;Monde;Hasbro;images/box_mono-monopoly-the-office-collector-s-edition.jpg;;;;;Édition Monopoly The Office Collector's Edition éditée par Hasbro.;
mono-monopoly-the-office-edition;Non possédé;Monopoly The Office Edition;Films & Séries;2010;Monde;Hasbro;images/box_mono-monopoly-the-office-edition.png;;;;;Édition Monopoly The Office Edition éditée par Hasbro.;
mono-music-rolling-stones;Non possédé;Monopoly The Rolling Stones Collector's Edition;Musique & Groupes;2010;Monde;USAopoly;;;;;;Sticky Fingers, Exile on Main St., célèbre logo à la langue rouge et lèvres de Mick Jagger.;
mono-monopoly-the-simpsons-edition;Non possédé;Monopoly The Simpsons Edition;Films & Séries;2010;Monde;Hasbro;images/box_mono-monopoly-the-simpsons-edition.jpg;;;;;Édition Monopoly The Simpsons Edition éditée par Hasbro.;
mono-monopoly-the-simpsons-treehouse-of-horror-edition;Non possédé;Monopoly The Simpsons: Treehouse of Horror Edition;Films & Séries;2010;Monde;Hasbro;;;;;;Édition Monopoly The Simpsons: Treehouse of Horror Edition éditée par Hasbro.;
mono-monopoly-the-strand;Non possédé;Monopoly The Strand;Éditions Spéciales & Thématiques;2010;Monde;Hasbro;;;;;;Édition Monopoly The Strand éditée par Hasbro.;
mono-monopoly-the-super-mario-bros-movie-edition;Non possédé;Monopoly The Super Mario Bros. Movie Edition;Jeux Vidéo;2010;Monde;Hasbro;images/box_mono-monopoly-the-super-mario-bros-movie-edition.png;;;;;Édition Monopoly The Super Mario Bros. Movie Edition éditée par Hasbro.;
mono-monopoly-the-super-mario-galaxy-movie-edition;Non possédé;Monopoly The Super Mario Galaxy Movie Edition;Jeux Vidéo;2010;Monde;Hasbro;images/box_mono-monopoly-the-super-mario-galaxy-movie-edition.jpg;;;;;Édition Monopoly The Super Mario Galaxy Movie Edition éditée par Hasbro.;
mono-monopoly-the-three-stooges-collector-s-edition;Non possédé;Monopoly The Three Stooges Collector's Edition;Éditions Spéciales & Thématiques;2010;Monde;Hasbro;images/box_mono-monopoly-the-three-stooges-collector-s-edition.jpg;;;;;Édition Monopoly The Three Stooges Collector's Edition éditée par Hasbro.;
mono-pop-the-walking-dead;Non possédé;Monopoly The Walking Dead (Survival Edition);Films & Séries;2013;Monde / USA;USAopoly;images/mono-pop-the-walking-dead.jpg;;;;;Achetez, vendez et fortifiez des lieux sécurisés contre les Rôdeurs (prison, Woodbury, Hershel's Farm).;
mono-monopoly-the-walking-dead-survival-edition;Non possédé;Monopoly The Walking Dead Survival Edition;Films & Séries;2010;Monde;Hasbro;images/box_mono-monopoly-the-walking-dead-survival-edition.png;;;;;Édition Monopoly The Walking Dead Survival Edition éditée par Hasbro.;
mono-monopoly-the-wharf;Non possédé;Monopoly The Wharf;Éditions Spéciales & Thématiques;2010;Monde;Hasbro;images/box_mono-monopoly-the-wharf.jpg;;;;;Édition Monopoly The Wharf éditée par Hasbro.;
mono-monopoly-the-witcher-edition;Non possédé;Monopoly The Witcher Edition;Jeux Vidéo;2010;Monde;Hasbro;images/box_mono-monopoly-the-witcher-edition.png;;;;;Édition Monopoly The Witcher Edition éditée par Hasbro.;
mono-monopoly-token-madness-edition;Non possédé;Monopoly Token Madness Edition;Éditions Spéciales & Thématiques;2010;Monde;Hasbro;;;;;;Édition Monopoly Token Madness Edition éditée par Hasbro.;
mono-monopoly-token-madness-edition-1;Non possédé;Monopoly Token Madness Edition;Éditions Spéciales & Thématiques;2010;Monde;Hasbro;images/box_mono-monopoly-token-madness-edition-1.jpg;;;;;Édition Monopoly Token Madness Edition éditée par Hasbro.;
mono-monopoly-tokidoki-edition;Non possédé;Monopoly Tokidoki Edition;Éditions Spéciales & Thématiques;2010;Monde;Hasbro;images/box_mono-monopoly-tokidoki-edition.png;;;;;Édition Monopoly Tokidoki Edition éditée par Hasbro.;
mono-city-tokyo;Non possédé;Monopoly Tokyo;Villes & Pays (Monde);2006;Japon;Hasbro / Takara Tomy;;;;;;Shibuya, Shinjuku, Ginza, Tour de Tokyo, Akihabara et Roppongi.;
mono-monopoly-top-gun-edition;Non possédé;Monopoly Top Gun Edition;Éditions Spéciales & Thématiques;2010;Monde;Hasbro;images/box_mono-monopoly-top-gun-edition.jpg;;;;;Édition Monopoly Top Gun Edition éditée par Hasbro.;
mono-monopoly-top-hat;Non possédé;Monopoly Top Hat;Éditions Spéciales & Thématiques;2010;Monde;Hasbro;;;;;;Édition Monopoly Top Hat éditée par Hasbro.;
mono-monopoly-top-hat-fortnite;Non possédé;Monopoly Top Hat (Fortnite);Jeux Vidéo;2010;Monde;Hasbro;images/box_mono-monopoly-top-hat-fortnite.png;;;;;Édition Monopoly Top Hat (Fortnite) éditée par Hasbro.;
mono-monopoly-totopoly;Non possédé;Monopoly Totopoly;Variantes & Règles Spéciales;1938;Royaume-Uni;Waddingtons;images/box_mono-monopoly-totopoly.jpg;;;;;Édition Monopoly Totopoly éditée par Waddingtons.;
mono-ville-toulon;Non possédé;Monopoly Toulon;Villes & Régions (France);2007;France;Winning Moves;;;;;;Rade de Toulon, Mont Faron, Stade Mayol (RCT), port militaire et plages du Mourillon.;
mono-ville-toulouse;Non possédé;Monopoly Toulouse;Villes & Régions (France);2003;France;Winning Moves;;;;;;Place du Capitole, Basilique Saint-Sernin, Cité de l'Espace, Pont-Neuf et berges de la Garonne.;
mono-sport-tour-de-france;Non possédé;Monopoly Tour de France;Marques & Sports;2017;France / Europe;Winning Moves;;;;;;Les cols mythiques (Alpe d'Huez, Tourmalet, Mont Ventoux) et l'arrivée mythique sur les Champs-Élysées.;
mono-region-touraine;Non possédé;Monopoly Touraine & Châteaux de la Loire;Villes & Régions (France);2009;France;Winning Moves;;;;;;Châteaux de Chenonceau, Chambord, Amboise, Azay-le-Rideau, Tours et vignobles de Vouvray.;
mono-monopoly-tournaments;Non possédé;Monopoly Tournaments;Éditions Spéciales & Thématiques;2010;Monde;Hasbro;;;;;;Édition Monopoly Tournaments éditée par Hasbro.;
mono-pop-toy-story;Non possédé;Monopoly Toy Story (Disney Pixar);Films & Séries;2019;Monde / France;Hasbro;images/mono-pop-toy-story.webp;;;;;La chambre d'Andy, Pizza Planet, le magasin de jouets d'Al avec pions Woody, Buzz l'Éclair, Rex, Jessie, Kart.;
mono-monopoly-trade;Non possédé;Monopoly Trade;Éditions Spéciales & Thématiques;2010;Monde;Hasbro;;;;;;Édition Monopoly Trade éditée par Hasbro.;
mono-monopoly-train-depots;Non possédé;Monopoly Train Depots;Éditions Spéciales & Thématiques;2010;Monde;Hasbro;;;;;;Édition Monopoly Train Depots éditée par Hasbro.;
mono-monopoly-train-stations;Non possédé;Monopoly Train Stations;Éditions Spéciales & Thématiques;2010;Monde;Hasbro;;;;;;Édition Monopoly Train Stations éditée par Hasbro.;
mono-pop-transformers;Non possédé;Monopoly Transformers Collector's Edition;Films & Séries;2007;Monde;USAopoly / Hasbro;images/mono-pop-transformers.jpg;;;;;Autobots vs Decepticons sur Cybertron et la Terre, pions Optimus Prime, Megatron, Bumblebee, Matrice de commandement.;
mono-monopoly-transformers-collector-s-edition;Non possédé;Monopoly Transformers Collector’s Edition;Films & Séries;2010;Monde;Hasbro;images/box_mono-monopoly-transformers-collector-s-edition.jpg;;;;;Édition Monopoly Transformers Collector’s Edition éditée par Hasbro.;
mono-monopoly-travel-world-tour-edition;Non possédé;Monopoly Travel World Tour Edition;Variantes & Règles Spéciales;2010;Monde;Hasbro;images/box_mono-monopoly-travel-world-tour-edition.png;;;;;Édition Monopoly Travel World Tour Edition éditée par Hasbro.;
mono-monopoly-treetop-park;Non possédé;Monopoly Treetop Park;Éditions Spéciales & Thématiques;2010;Monde;Hasbro;images/box_mono-monopoly-treetop-park.jpg;;;;;Édition Monopoly Treetop Park éditée par Hasbro.;
mono-monopoly-triopoly;Non possédé;Monopoly Triopoly;Éditions Spéciales & Thématiques;2010;Monde;Hasbro;images/box_mono-monopoly-triopoly.jpg;;;;;Édition Monopoly Triopoly éditée par Hasbro.;
mono-monopoly-tropical-tycoon;Non possédé;Monopoly Tropical Tycoon;Éditions Spéciales & Thématiques;2010;Monde;Hasbro;images/box_mono-monopoly-tropical-tycoon.jpg;;;;;Édition Monopoly Tropical Tycoon éditée par Hasbro.;
mono-monopoly-tucson-edition;Non possédé;Monopoly Tucson Edition;Éditions Spéciales & Thématiques;2010;Monde;Hasbro;images/box_mono-monopoly-tucson-edition.png;;;;;Édition Monopoly Tucson Edition éditée par Hasbro.;
mono-monopoly-tulsa-edition;Non possédé;Monopoly Tulsa Edition;Éditions Spéciales & Thématiques;2010;Monde;Hasbro;images/box_mono-monopoly-tulsa-edition.png;;;;;Édition Monopoly Tulsa Edition éditée par Hasbro.;
mono-monopoly-twilight-saga-edition;Non possédé;Monopoly Twilight Saga Edition;Films & Séries;2010;Monde;Hasbro;images/box_mono-monopoly-twilight-saga-edition.png;;;;;Édition Monopoly Twilight Saga Edition éditée par Hasbro.;
mono-monopoly-tycoon;Non possédé;Monopoly Tycoon;Jeux Vidéo;2010;Monde;Hasbro;images/box_mono-monopoly-tycoon.jpg;;;;;Édition Monopoly Tycoon éditée par Hasbro.;
mono-u-build;Non possédé;Monopoly U-Build;Variantes & Règles Spéciales;2010;France / Monde;Hasbro;;;;;;Plateau modulable composé de tuiles de piste emboîtables en plastique permettant de créer différentes longueurs de plateau et formes de circuits.;
mono-monopoly-u-build-edition;Non possédé;Monopoly U-Build Edition;Éditions Spéciales & Thématiques;2010;Monde;Hasbro;images/box_mono-monopoly-u-build-edition.jpg;;;;;Édition Monopoly U-Build Edition éditée par Hasbro.;
mono-monopoly-u-s-stamps-edition;Non possédé;Monopoly U.S. Stamps Edition;Éditions Spéciales & Thématiques;2010;Monde;Hasbro;images/box_mono-monopoly-u-s-stamps-edition.jpg;;;;;Édition Monopoly U.S. Stamps Edition éditée par Hasbro.;
mono-monopoly-u-s-a-greatest-cities-edition;Non possédé;Monopoly U.S.A. Greatest Cities Edition;Variantes & Règles Spéciales;2005;USA;USAopoly / The Op;images/box_mono-monopoly-u-s-a-greatest-cities-edition.jpg;;;;;Édition Monopoly U.S.A. Greatest Cities Edition éditée par USAopoly / The Op.;
mono-monopoly-usaopoly;Non possédé;Monopoly USAopoly;Éditions Spéciales & Thématiques;2010;USA;USAopoly / The Op;;;;;;Édition Monopoly USAopoly éditée par USAopoly / The Op.;
mono-monopoly-ultimate-007-james-bond-collector-s-editi;Non possédé;Monopoly Ultimate 007 James Bond Collector's Edition;Variantes & Règles Spéciales;2008;Monde;Hasbro;images/box_mono-monopoly-ultimate-007-james-bond-collector-s-editi.jpg;;;;;Édition Monopoly Ultimate 007 James Bond Collector's Edition éditée par Hasbro.;
mono-monopoly-ultimate-banking-edition;Non possédé;Monopoly Ultimate Banking Edition;Variantes & Règles Spéciales;2010;Monde;Hasbro;images/box_mono-monopoly-ultimate-banking-edition.jpg;;;;;Édition Monopoly Ultimate Banking Edition éditée par Hasbro.;
mono-monopoly-under-the-boardwalk;Non possédé;Monopoly Under the Boardwalk;Éditions Spéciales & Thématiques;2010;Monde;Hasbro;images/box_mono-monopoly-under-the-boardwalk.jpg;;;;;Édition Monopoly Under the Boardwalk éditée par Hasbro.;
mono-monopoly-utilities;Non possédé;Monopoly Utilities;Éditions Spéciales & Thématiques;2010;Monde;Hasbro;;;;;;Édition Monopoly Utilities éditée par Hasbro.;
mono-monopoly-utility;Non possédé;Monopoly Utility;Éditions Spéciales & Thématiques;2010;Monde;Hasbro;images/box_mono-monopoly-utility.jpg;;;;;Édition Monopoly Utility éditée par Hasbro.;
mono-monopoly-valparaiso-opoly;Non possédé;Monopoly Valparaiso-opoly;Éditions Spéciales & Thématiques;2010;Monde;Hasbro;images/box_mono-monopoly-valparaiso-opoly.png;;;;;Édition Monopoly Valparaiso-opoly éditée par Hasbro.;
mono-monopoly-variations;Non possédé;Monopoly Variations;Variantes & Règles Spéciales;2010;Monde;Hasbro;images/box_mono-monopoly-variations.jpg;;;;;Édition Monopoly Variations éditée par Hasbro.;
mono-region-vendee;Non possédé;Monopoly Vendée;Villes & Régions (France);2008;France;Winning Moves;;;;;;Les Sables-d'Olonne (Vendée Globe), Puy du Fou, Île d'Yeu, Île de Noirmoutier et Marais Poitevin.;
mono-city-venise;Non possédé;Monopoly Venezia (Venise);Villes & Pays (Monde);2009;Italie;Winning Moves;;;;;;Place Saint-Marc, Pont des Soupirs, Grand Canal, Pont du Rialto, Île de Murano et gondoles.;
mono-monopoly-venezuela-edition;Non possédé;Monopoly Venezuela Edition;Éditions Spéciales & Thématiques;2010;Monde;Hasbro;images/box_mono-monopoly-venezuela-edition.jpg;;;;;Édition Monopoly Venezuela Edition éditée par Hasbro.;
mono-monopoly-versailles-edition;Non possédé;Monopoly Versailles Edition;Éditions Spéciales & Thématiques;2010;Monde;Hasbro;images/box_mono-monopoly-versailles-edition.jpg;;;;;Édition Monopoly Versailles Edition éditée par Hasbro.;
mono-monopoly-vikings-collector-s-edition;Non possédé;Monopoly Vikings Collector's Edition;Éditions Spéciales & Thématiques;2010;Monde;Hasbro;images/box_mono-monopoly-vikings-collector-s-edition.jpg;;;;;Édition Monopoly Vikings Collector's Edition éditée par Hasbro.;
mono-vintage-wood;Non possédé;Monopoly Vintage Book Collection (Boîte Livre Bois);Classique & Anniversaire;2005;USA / International;Winning Solutions;images/mono-vintage-wood.jpg;;;;;Boîtier en bois simulant un livre ancien de collection, plateau pliable et composants rétro.;
mono-monopoly-vintage-book-edition;Non possédé;Monopoly Vintage Book Edition;Variantes & Règles Spéciales;2011;Monde;Hasbro;images/box_mono-monopoly-vintage-book-edition.jpg;;;;;Édition Monopoly Vintage Book Edition éditée par Hasbro.;
mono-monopoly-vintage-wood-book-edition;Non possédé;Monopoly Vintage Wood Book Edition;Classique & Anniversaire;2005;USA;Hasbro;images/box_mono-monopoly-vintage-wood-book-edition.jpg;;;;;Édition Monopoly Vintage Wood Book Edition éditée par Hasbro.;
mono-monopoly-violetopoly;Non possédé;Monopoly Violetopoly;Éditions Spéciales & Thématiques;2010;Monde;Hasbro;images/box_mono-monopoly-violetopoly.jpg;;;;;Édition Monopoly Violetopoly éditée par Hasbro.;
mono-monopoly-virginia-beach-edition;Non possédé;Monopoly Virginia Beach Edition;Éditions Spéciales & Thématiques;2010;Monde;Hasbro;images/box_mono-monopoly-virginia-beach-edition.jpg;;;;;Édition Monopoly Virginia Beach Edition éditée par Hasbro.;
mono-monopoly-vitas-varnas;Non possédé;Monopoly Vitas Varnas;Éditions Spéciales & Thématiques;2010;Monde;Hasbro;;;;;;Édition Monopoly Vitas Varnas éditée par Hasbro.;
mono-monopoly-voice-banking-edition;Non possédé;Monopoly Voice Banking Edition;Variantes & Règles Spéciales;2010;Monde;Hasbro;images/box_mono-monopoly-voice-banking-edition.jpg;;;;;Édition Monopoly Voice Banking Edition éditée par Hasbro.;
mono-voice-banking;Non possédé;Monopoly Voix (Voice Banking);Variantes & Règles Spéciales;2019;France / Monde;Hasbro;;;;;;Le chapeau haut-de-forme électronique de Mr. Monopoly écoute votre voix et gère les transactions financières sans aucun billet ni carte.;
mono-region-vosges;Non possédé;Monopoly Vosges;Villes & Régions (France);2014;France;Winning Moves;;;;;;Gérardmer, La Bresse, Massif des Vosges, Crêtes, thermalisme de Vittel et Épinal.;
mono-monopoly-waddingtons;Non possédé;Monopoly Waddingtons;Éditions Spéciales & Thématiques;2010;Monde;Waddingtons;images/box_mono-monopoly-waddingtons.jpg;;;;;Édition Monopoly Waddingtons éditée par Waddingtons.;
mono-monopoly-wagga-wagga-edition;Non possédé;Monopoly Wagga Wagga Edition;Éditions Spéciales & Thématiques;2010;Monde;Hasbro;images/box_mono-monopoly-wagga-wagga-edition.png;;;;;Édition Monopoly Wagga Wagga Edition éditée par Hasbro.;
mono-monopoly-warhammer-40-000-edition;Non possédé;Monopoly Warhammer 40,000 Edition;Éditions Spéciales & Thématiques;2010;Monde;Hasbro;images/box_mono-monopoly-warhammer-40-000-edition.jpg;;;;;Édition Monopoly Warhammer 40,000 Edition éditée par Hasbro.;
mono-monopoly-westlands;Non possédé;Monopoly Westlands;Éditions Spéciales & Thématiques;2010;Monde;Hasbro;images/box_mono-monopoly-westlands.jpg;;;;;Édition Monopoly Westlands éditée par Hasbro.;
mono-monopoly-wichita-edition;Non possédé;Monopoly Wichita Edition;Éditions Spéciales & Thématiques;2010;Monde;Hasbro;images/box_mono-monopoly-wichita-edition.png;;;;;Édition Monopoly Wichita Edition éditée par Hasbro.;
mono-monopoly-wine-opoly;Non possédé;Monopoly Wine-opoly;Variantes & Règles Spéciales;2003;Monde;Hasbro;images/box_mono-monopoly-wine-opoly.jpg;;;;;Édition Monopoly Wine-opoly éditée par Hasbro.;
mono-monopoly-winning-moves-games;Non possédé;Monopoly Winning Moves Games;Éditions Spéciales & Thématiques;2010;Monde;Winning Moves;;;;;;Édition Monopoly Winning Moves Games éditée par Winning Moves.;
mono-monopoly-woot-opoly;Non possédé;Monopoly Woot!opoly;Éditions Spéciales & Thématiques;2010;Monde;Hasbro;images/box_mono-monopoly-woot-opoly.jpg;;;;;Édition Monopoly Woot!opoly éditée par Hasbro.;
mono-monopoly-worcester-edition;Non possédé;Monopoly Worcester Edition;Éditions Spéciales & Thématiques;2010;Monde;Hasbro;images/box_mono-monopoly-worcester-edition.png;;;;;Édition Monopoly Worcester Edition éditée par Hasbro.;
mono-monopoly-world-football-stars-edition;Non possédé;Monopoly World Football Stars Edition;Marques & Sports;2010;Monde;Hasbro;images/box_mono-monopoly-world-football-stars-edition.png;;;;;Édition Monopoly World Football Stars Edition éditée par Hasbro.;
mono-vg-world-of-warcraft;Non possédé;Monopoly World of Warcraft Collector's Edition;Jeux Vidéo;2012;Monde;USAopoly;images/mono-vg-world-of-warcraft.jpg;;;;;Azeroth, Hurlevent, Orgrimmar, Fossoyeuse, pions Heaume de domination, Botte de chenille, Épée de Varian.;
mono-monopoly-world-of-warcraft-edition;Non possédé;Monopoly World of Warcraft Edition;Jeux Vidéo;2010;Monde;Hasbro;images/box_mono-monopoly-world-of-warcraft-edition.jpg;;;;;Édition Monopoly World of Warcraft Edition éditée par Hasbro.;
mono-monopoly-wu-tang-clan-edition;Non possédé;Monopoly Wu-Tang Clan Edition;Éditions Spéciales & Thématiques;2010;Monde;Hasbro;images/box_mono-monopoly-wu-tang-clan-edition.png;;;;;Édition Monopoly Wu-Tang Clan Edition éditée par Hasbro.;
mono-monopoly-x-men-97-edition;Non possédé;Monopoly X-Men '97 Edition;Éditions Spéciales & Thématiques;2010;Monde;Hasbro;;;;;;Édition Monopoly X-Men '97 Edition éditée par Hasbro.;
mono-monopoly-x-men-collector-s-edition;Non possédé;Monopoly X-Men Collector's Edition;Éditions Spéciales & Thématiques;2010;Monde;Hasbro;images/box_mono-monopoly-x-men-collector-s-edition.png;;;;;Édition Monopoly X-Men Collector's Edition éditée par Hasbro.;
mono-monopoly-xxxopoly;Non possédé;Monopoly XXXopoly;Éditions Spéciales & Thématiques;2010;Monde;Hasbro;images/box_mono-monopoly-xxxopoly.png;;;;;Édition Monopoly XXXopoly éditée par Hasbro.;
mono-monopoly-xxxopoly-pride;Non possédé;Monopoly XXXopoly Pride;Éditions Spéciales & Thématiques;2010;Monde;Hasbro;images/box_mono-monopoly-xxxopoly-pride.png;;;;;Édition Monopoly XXXopoly Pride éditée par Hasbro.;
mono-monopoly-yahoo-geocities;Non possédé;Monopoly Yahoo! GeoCities;Éditions Spéciales & Thématiques;2010;Monde;Hasbro;;;;;;Édition Monopoly Yahoo! GeoCities éditée par Hasbro.;
mono-monopoly-yellowstone-edition;Non possédé;Monopoly Yellowstone Edition;Éditions Spéciales & Thématiques;2010;Monde;Hasbro;images/box_mono-monopoly-yellowstone-edition.png;;;;;Édition Monopoly Yellowstone Edition éditée par Hasbro.;
mono-monopoly-york-edition;Non possédé;Monopoly York Edition;Éditions Spéciales & Thématiques;2010;Monde;Hasbro;images/box_mono-monopoly-york-edition.png;;;;;Édition Monopoly York Edition éditée par Hasbro.;
mono-monopoly-yorkshire-edition;Non possédé;Monopoly Yorkshire Edition;Éditions Spéciales & Thématiques;2010;Monde;Hasbro;images/box_mono-monopoly-yorkshire-edition.png;;;;;Édition Monopoly Yorkshire Edition éditée par Hasbro.;
mono-monopoly-yu-gi-oh-edition;Non possédé;Monopoly Yu-Gi-Oh Edition;Anime & Manga;2010;Monde;Hasbro;images/box_mono-monopoly-yu-gi-oh-edition.jpg;;;;;Édition Monopoly Yu-Gi-Oh Edition éditée par Hasbro.;
mono-manga-yugioh;Non possédé;Monopoly Yu-Gi-Oh!;Anime & Manga;2016;Monde;USAopoly;images/mono-manga-yugioh.webp;;;;;Le Domaine des Duellistes, Bataille Ville, pions Puzzle du Millénium, Yeux du Millénium, Disque de duel.;
mono-monopoly-for-millenials;Non possédé;Monopoly for Millenials;Éditions Spéciales & Thématiques;2010;Monde;Hasbro;images/box_mono-monopoly-for-millenials.jpg;;;;;Édition Monopoly for Millenials éditée par Hasbro.;
mono-millennials;Non possédé;Monopoly for Millennials;Variantes & Règles Spéciales;2018;USA / Monde;Hasbro;images/mono-millennials.webp;;;;;'Oubliez l'immobilier, vous n'avez pas les moyens de toute façon' : accumulez des points d'expérience (brunch, canapé...).;
mono-monopoly-for-nintendo-switch;Non possédé;Monopoly for Nintendo Switch;Jeux Vidéo;2010;Monde;Hasbro;;;;;;Édition Monopoly for Nintendo Switch éditée par Hasbro.;
mono-monopoly-for-sore-losers;Non possédé;Monopoly for Sore Losers;Variantes & Règles Spéciales;2010;Monde;Hasbro;images/box_mono-monopoly-for-sore-losers.png;;;;;Édition Monopoly for Sore Losers éditée par Hasbro.;
mono-mega;Possédé;Monopoly Édition Mega (Winning Moves 2007);Déclinaisons & Variantes;2007;France;Winning Moves / Hasbro;images/box_mono-mega-2007.jpg;Très bon état;;;Collection personnelle;Première grande édition Méga Monopoly : plateau géant +50% avec 12 nouvelles cases de propriétés parisiennes, gratte-ciel, billets de 1000€ et le célèbre dé accélérateur bleu.;Code-barres 3700126901409. 1ère édition Winning Moves France 2007 avec dé accélérateur.
mono-mega-2015;Possédé;Monopoly Édition Mega (Winning Moves 2015 - Monuments de Paris);Déclinaisons & Variantes;2015;France;Winning Moves / Hasbro;images/box_mono-mega-2015.jpg;Très bon état;;;Collection personnelle;Version Méga 2015 avec visuels photos des monuments parisiens (Arc de Triomphe, Sacré Cœur, Opéra Garnier), plateau géant de 12 nouvelles cases, gratte-ciel et dé rouge.;Réf 0065 / B60631010, Code-barres 3700126900855. Version avec photos des monuments parisiens.
mono-nostalgie-bois;Non possédé;Monopoly Édition Nostalgie (Boîte Coffret Bois);Classique & Anniversaire;2001;France / Monde;Parker Brothers / Hasbro;;;;;;Magnifique coffret en bois massif teinté avec plateau vintage d'époque, casier de rangement en bois et pions moulés sous pression.;
mono-1935;Non possédé;Monopoly Édition Originale 1935 (Reproduction);Classique & Anniversaire;1935;USA / Monde;Parker Brothers / Hasbro;images/mono-1935.jpg;;;;;Reproduction de la boîte originale Parker Brothers de 1935 avec les pions en métal rétro et billets vintage.;
mono-cheaters;Non possédé;Monopoly Édition Tricheurs (Cheaters Edition);Variantes & Règles Spéciales;2018;France / Monde;Hasbro;images/mono-cheaters.webp;;;;;Trichez pour gagner sans vous faire attraper ! Menottes en plastique incluses pour les tricheurs découverts.;
mono-region-ile-de-re;Non possédé;Monopoly Île de Ré;Villes & Régions (France);2008;France;Winning Moves;;;;;;Saint-Martin-de-Ré, Phare des Baleines, marais salants, roses trémières et pistes cyclables.;
mono-monopoly-collect-win;Non possédé;Monopoly: Collect & Win;Variantes & Règles Spéciales;2010;Monde;Hasbro;images/box_mono-monopoly-collect-win.jpg;;;;;Édition Monopoly: Collect & Win éditée par Hasbro.;
mono-monopoly-crazy-cash-1;Non possédé;Monopoly: Crazy Cash;Éditions Spéciales & Thématiques;2010;Monde;Hasbro;;;;;;Édition Monopoly: Crazy Cash éditée par Hasbro.;
mono-monopoly-disney-pixar-cars-2-edition-1;Non possédé;Monopoly: Disney Pixar Cars 2 Edition;Films & Séries;2010;Monde;Hasbro;;;;;;Édition Monopoly: Disney Pixar Cars 2 Edition éditée par Hasbro.;
mono-monopoly-electronic-banking-edition-1;Non possédé;Monopoly: Electronic Banking Edition;Variantes & Règles Spéciales;2010;Monde;Hasbro;;;;;;Édition Monopoly: Electronic Banking Edition éditée par Hasbro.;
mono-monopoly-giant-edition-1;Non possédé;Monopoly: Giant Edition;Éditions Spéciales & Thématiques;2010;Monde;Hasbro;;;;;;Édition Monopoly: Giant Edition éditée par Hasbro.;
mono-monopoly-hand-held-electronic-game;Non possédé;Monopoly: Hand-Held Electronic Game;Éditions Spéciales & Thématiques;1997;Monde;Hasbro;images/box_mono-monopoly-hand-held-electronic-game.jpg;;;;;Édition Monopoly: Hand-Held Electronic Game éditée par Hasbro.;
mono-monopoly-here-now-buzzfeed-1;Non possédé;Monopoly: Here & Now (Buzzfeed);Villes & Pays (Monde);2010;Monde;Hasbro;;;;;;Édition Monopoly: Here & Now (Buzzfeed) éditée par Hasbro.;
mono-monopoly-south-wales-version;Non possédé;Monopoly: South Wales version;Villes & Pays (Monde);2010;Monde;Hasbro;;;;;;Édition Monopoly: South Wales version éditée par Hasbro.;
mono-monopoly-the-card-game;Non possédé;Monopoly: The Card Game;Variantes & Règles Spéciales;2010;Monde;Winning Moves;images/box_mono-monopoly-the-card-game.jpg;;;;;Édition Monopoly: The Card Game éditée par Winning Moves.;
mono-monopoly-the-mega-edition;Non possédé;Monopoly: The Mega Edition;Variantes & Règles Spéciales;2006;Monde;Winning Moves;images/box_mono-monopoly-the-mega-edition.jpg;;;;;Édition Monopoly: The Mega Edition éditée par Winning Moves.;
mono-monopoly-the-story;Non possédé;Monopoly: The Story...;Éditions Spéciales & Thématiques;2010;Monde;Hasbro;images/box_mono-monopoly-the-story.jpg;;;;;Édition Monopoly: The Story... éditée par Hasbro.;
mono-monopoly-special-edition-cub-scout-monopoly;Non possédé;Monopoly: special edition cub scout monopoly;Éditions Spéciales & Thématiques;2010;Monde;Hasbro;;;;;;Édition Monopoly: special edition cub scout monopoly éditée par Hasbro.;
mono-monopolywiki-general-discussion;Non possédé;MonopolyWiki:General Discussion;Éditions Spéciales & Thématiques;2010;Monde;Hasbro;;;;;;Édition MonopolyWiki:General Discussion éditée par Hasbro.;
mono-monopolywiki-how-can-we-help;Non possédé;MonopolyWiki:How Can We Help?;Éditions Spéciales & Thématiques;2010;Monde;Hasbro;;;;;;Édition MonopolyWiki:How Can We Help? éditée par Hasbro.;
mono-monopolywiki-news;Non possédé;MonopolyWiki:News;Éditions Spéciales & Thématiques;2010;Monde;Hasbro;;;;;;Édition MonopolyWiki:News éditée par Hasbro.;
